,Body Style,Country_of_Assembly,Country_of_Origin,Doors,DriveTrain,EPA_Class,Engine,Fuel_Economy,Max_Seating,Transmission,car,dealer,dealer_max,dealer_min,mileage,pp_excellent,pp_fair,pp_good,pp_verygood,retail,year
0, Hatchback, Japan, Japan, 4, FWD, Compact Cars," 4-Cyl, Hybrid, VTEC, 1.3L",Gas - City 40/Hwy 43/Comb 41 MPG, 5," Automatic, CVT",insight,8292.0,9306.0,7277.0,10000,7159.0,6094.0,6390.0,6804.0,8678.0,2010
1, Hatchback, Japan, Japan, 4, FWD, Compact Cars," 4-Cyl, Hybrid, VTEC, 1.3L",Gas - City 40/Hwy 43/Comb 41 MPG, 5," Automatic, CVT",insight,8251.0,9265.0,7236.0,20000,7118.0,6053.0,6349.0,6763.0,8637.0,2010
2, Hatchback, Japan, Japan, 4, FWD, Compact Cars," 4-Cyl, Hybrid, VTEC, 1.3L",Gas - City 40/Hwy 43/Comb 41 MPG, 5," Automatic, CVT",insight,8034.0,9048.0,7019.0,30000,6901.0,5836.0,6132.0,6546.0,8420.0,2010
3, Hatchback, Japan, Japan, 4, FWD, Compact Cars," 4-Cyl, Hybrid, VTEC, 1.3L",Gas - City 40/Hwy 43/Comb 41 MPG, 5," Automatic, CVT",insight,7774.0,8788.0,6759.0,40000,6641.0,5576.0,5872.0,6286.0,8160.0,2010
4, Hatchback, Japan, Japan, 4, FWD, Compact Cars," 4-Cyl, Hybrid, VTEC, 1.3L",Gas - City 40/Hwy 43/Comb 41 MPG, 5," Automatic, CVT",insight,7525.0,8539.0,6510.0,50000,6392.0,5327.0,5623.0,6037.0,7911.0,2010
5, Hatchback, Japan, Japan, 4, FWD, Compact Cars," 4-Cyl, Hybrid, VTEC, 1.3L",Gas - City 40/Hwy 43/Comb 41 MPG, 5," Automatic, CVT",insight,7266.0,8280.0,6251.0,60000,6133.0,5068.0,5364.0,5778.0,7652.0,2010
6, Hatchback, Japan, Japan, 4, FWD, Compact Cars," 4-Cyl, Hybrid, VTEC, 1.3L",Gas - City 40/Hwy 43/Comb 41 MPG, 5," Automatic, CVT",insight,7001.0,8015.0,5986.0,70000,5868.0,4803.0,5099.0,5513.0,7387.0,2010
7, Hatchback, Japan, Japan, 4, FWD, Compact Cars," 4-Cyl, Hybrid, VTEC, 1.3L",Gas - City 40/Hwy 43/Comb 41 MPG, 5," Automatic, CVT",insight,6733.0,7747.0,5718.0,80000,5600.0,4535.0,4831.0,5245.0,7119.0,2010
8, Hatchback, Japan, Japan, 4, FWD, Compact Cars," 4-Cyl, Hybrid, VTEC, 1.3L",Gas - City 40/Hwy 43/Comb 41 MPG, 5," Automatic, CVT",insight,6465.0,7479.0,5450.0,90000,5332.0,4267.0,4563.0,4977.0,6851.0,2010
9, Hatchback, Japan, Japan, 4, FWD, Compact Cars," 4-Cyl, Hybrid, VTEC, 1.3L",Gas - City 40/Hwy 43/Comb 41 MPG, 5," Automatic, CVT",insight,6210.0,7224.0,5195.0,100000,5077.0,4012.0,4308.0,4722.0,6596.0,2010
10, Hatchback, Japan, Japan, 4, FWD, Compact Cars," 4-Cyl, Hybrid, VTEC, 1.3L",Gas - City 40/Hwy 43/Comb 41 MPG, 5," Automatic, CVT",insight,5972.0,6986.0,4957.0,110000,4839.0,3774.0,4070.0,4484.0,6358.0,2010
11, Hatchback, Japan, Japan, 4, FWD, Compact Cars," 4-Cyl, Hybrid, VTEC, 1.3L",Gas - City 40/Hwy 43/Comb 41 MPG, 5," Automatic, CVT",insight,5754.0,6768.0,4739.0,120000,4621.0,3556.0,3852.0,4266.0,6140.0,2010
12, Hatchback, Japan, Japan, 4, FWD, Compact Cars," 4-Cyl, Hybrid, VTEC, 1.3L",Gas - City 40/Hwy 43/Comb 41 MPG, 5," Automatic, CVT",insight,5561.0,6575.0,4546.0,130000,4428.0,3363.0,3659.0,4073.0,5947.0,2010
13, Hatchback, Japan, Japan, 4, FWD, Compact Cars," 4-Cyl, Hybrid, VTEC, 1.3L",Gas - City 40/Hwy 43/Comb 41 MPG, 5," Automatic, CVT",insight,5393.0,6407.0,4378.0,140000,4260.0,3195.0,3491.0,3905.0,5779.0,2010
14, Hatchback, Japan, Japan, 4, FWD, Compact Cars," 4-Cyl, Hybrid, VTEC, 1.3L",Gas - City 40/Hwy 43/Comb 41 MPG, 5," Automatic, CVT",insight,5240.0,6254.0,4225.0,150000,4107.0,3042.0,3338.0,3752.0,5626.0,2010
15, Hatchback, Japan, Japan, 4, FWD, Compact Cars," 4-Cyl, Hybrid, VTEC, 1.3L",Gas - City 40/Hwy 43/Comb 41 MPG, 5," Automatic, CVT",insight,5103.0,6117.0,4088.0,160000,3970.0,2905.0,3201.0,3615.0,5489.0,2010
16, Hatchback, Japan, Japan, 4, FWD, Compact Cars," 4-Cyl, Hybrid, VTEC, 1.3L",Gas - City 40/Hwy 43/Comb 41 MPG, 5," Automatic, CVT",insight,4977.0,5991.0,3962.0,170000,3844.0,2779.0,3075.0,3489.0,5363.0,2010
17, Hatchback, Japan, Japan, 4, FWD, Compact Cars," 4-Cyl, Hybrid, VTEC, 1.3L",Gas - City 40/Hwy 43/Comb 41 MPG, 5," Automatic, CVT",insight,4865.0,5879.0,3850.0,180000,3732.0,2667.0,2963.0,3377.0,5251.0,2010
18, Hatchback, Japan, Japan, 4, FWD, Compact Cars," 4-Cyl, Hybrid, VTEC, 1.3L",Gas - City 40/Hwy 43/Comb 41 MPG, 5," Automatic, CVT",insight,4765.0,5779.0,3750.0,190000,3632.0,2567.0,2863.0,3277.0,5151.0,2010
19, Hatchback, Japan, Japan, 4, FWD, Compact Cars," 4-Cyl, Hybrid, VTEC, 1.3L",Gas - City 40/Hwy 43/Comb 41 MPG, 5," Automatic, CVT",insight,4677.0,5691.0,3662.0,200000,3544.0,2479.0,2775.0,3189.0,5063.0,2010
20, Hatchback, Japan, Japan, 4, FWD, Compact Cars," 4-Cyl, Hybrid, VTEC, 1.3L",Gas - City 40/Hwy 43/Comb 41 MPG, 5," Automatic, CVT",insight,4603.0,5617.0,3588.0,210000,3470.0,2405.0,2701.0,3115.0,4989.0,2010
21, Hatchback, Japan, Japan, 4, FWD, Compact Cars," 4-Cyl, Hybrid, VTEC, 1.3L",Gas - City 40/Hwy 43/Comb 41 MPG, 5," Automatic, CVT",insight,4541.0,5555.0,3526.0,220000,3408.0,2343.0,2639.0,3053.0,4927.0,2010
22, Hatchback, Japan, Japan, 4, FWD, Compact Cars," 4-Cyl, Hybrid, VTEC, 1.3L",Gas - City 40/Hwy 43/Comb 41 MPG, 5," Automatic, CVT",insight,4492.0,5506.0,3477.0,230000,3359.0,2294.0,2590.0,3004.0,4878.0,2010
23, Hatchback, Japan, Japan, 4, FWD, Compact Cars," 4-Cyl, Hybrid, VTEC, 1.3L",Gas - City 40/Hwy 43/Comb 41 MPG, 5," Automatic, CVT",insight,10038.0,11216.0,8859.0,10000,8530.0,7399.0,7754.0,8168.0,10241.0,2011
24, Hatchback, Japan, Japan, 4, FWD, Compact Cars," 4-Cyl, Hybrid, VTEC, 1.3L",Gas - City 40/Hwy 43/Comb 41 MPG, 5," Automatic, CVT",insight,9942.0,11120.0,8763.0,20000,8434.0,7303.0,7658.0,8072.0,10145.0,2011
25, Hatchback, Japan, Japan, 4, FWD, Compact Cars," 4-Cyl, Hybrid, VTEC, 1.3L",Gas - City 40/Hwy 43/Comb 41 MPG, 5," Automatic, CVT",insight,9682.0,10860.0,8503.0,30000,8174.0,7043.0,7398.0,7812.0,9885.0,2011
26, Hatchback, Japan, Japan, 4, FWD, Compact Cars," 4-Cyl, Hybrid, VTEC, 1.3L",Gas - City 40/Hwy 43/Comb 41 MPG, 5," Automatic, CVT",insight,9369.0,10547.0,8190.0,40000,7861.0,6730.0,7085.0,7499.0,9572.0,2011
27, Hatchback, Japan, Japan, 4, FWD, Compact Cars," 4-Cyl, Hybrid, VTEC, 1.3L",Gas - City 40/Hwy 43/Comb 41 MPG, 5," Automatic, CVT",insight,9071.0,10249.0,7892.0,50000,7563.0,6432.0,6787.0,7201.0,9274.0,2011
28, Hatchback, Japan, Japan, 4, FWD, Compact Cars," 4-Cyl, Hybrid, VTEC, 1.3L",Gas - City 40/Hwy 43/Comb 41 MPG, 5," Automatic, CVT",insight,8760.0,9938.0,7581.0,60000,7252.0,6121.0,6476.0,6890.0,8963.0,2011
29, Hatchback, Japan, Japan, 4, FWD, Compact Cars," 4-Cyl, Hybrid, VTEC, 1.3L",Gas - City 40/Hwy 43/Comb 41 MPG, 5," Automatic, CVT",insight,8442.0,9620.0,7263.0,70000,6934.0,5803.0,6158.0,6572.0,8645.0,2011
30, Hatchback, Japan, Japan, 4, FWD, Compact Cars," 4-Cyl, Hybrid, VTEC, 1.3L",Gas - City 40/Hwy 43/Comb 41 MPG, 5," Automatic, CVT",insight,8121.0,9299.0,6942.0,80000,6613.0,5482.0,5837.0,6251.0,8324.0,2011
31, Hatchback, Japan, Japan, 4, FWD, Compact Cars," 4-Cyl, Hybrid, VTEC, 1.3L",Gas - City 40/Hwy 43/Comb 41 MPG, 5," Automatic, CVT",insight,7799.0,8977.0,6620.0,90000,6291.0,5160.0,5515.0,5929.0,8002.0,2011
32, Hatchback, Japan, Japan, 4, FWD, Compact Cars," 4-Cyl, Hybrid, VTEC, 1.3L",Gas - City 40/Hwy 43/Comb 41 MPG, 5," Automatic, CVT",insight,7493.0,8671.0,6314.0,100000,5985.0,4854.0,5209.0,5623.0,7696.0,2011
33, Hatchback, Japan, Japan, 4, FWD, Compact Cars," 4-Cyl, Hybrid, VTEC, 1.3L",Gas - City 40/Hwy 43/Comb 41 MPG, 5," Automatic, CVT",insight,7207.0,8385.0,6028.0,110000,5699.0,4568.0,4923.0,5337.0,7410.0,2011
34, Hatchback, Japan, Japan, 4, FWD, Compact Cars," 4-Cyl, Hybrid, VTEC, 1.3L",Gas - City 40/Hwy 43/Comb 41 MPG, 5," Automatic, CVT",insight,6947.0,8125.0,5768.0,120000,5439.0,4308.0,4663.0,5077.0,7150.0,2011
35, Hatchback, Japan, Japan, 4, FWD, Compact Cars," 4-Cyl, Hybrid, VTEC, 1.3L",Gas - City 40/Hwy 43/Comb 41 MPG, 5," Automatic, CVT",insight,6714.0,7892.0,5535.0,130000,5206.0,4075.0,4430.0,4844.0,6917.0,2011
36, Hatchback, Japan, Japan, 4, FWD, Compact Cars," 4-Cyl, Hybrid, VTEC, 1.3L",Gas - City 40/Hwy 43/Comb 41 MPG, 5," Automatic, CVT",insight,6513.0,7691.0,5334.0,140000,5005.0,3874.0,4229.0,4643.0,6716.0,2011
37, Hatchback, Japan, Japan, 4, FWD, Compact Cars," 4-Cyl, Hybrid, VTEC, 1.3L",Gas - City 40/Hwy 43/Comb 41 MPG, 5," Automatic, CVT",insight,6330.0,7508.0,5151.0,150000,4822.0,3691.0,4046.0,4460.0,6533.0,2011
38, Hatchback, Japan, Japan, 4, FWD, Compact Cars," 4-Cyl, Hybrid, VTEC, 1.3L",Gas - City 40/Hwy 43/Comb 41 MPG, 5," Automatic, CVT",insight,6165.0,7343.0,4986.0,160000,4657.0,3526.0,3881.0,4295.0,6368.0,2011
39, Hatchback, Japan, Japan, 4, FWD, Compact Cars," 4-Cyl, Hybrid, VTEC, 1.3L",Gas - City 40/Hwy 43/Comb 41 MPG, 5," Automatic, CVT",insight,6014.0,7192.0,4835.0,170000,4506.0,3375.0,3730.0,4144.0,6217.0,2011
40, Hatchback, Japan, Japan, 4, FWD, Compact Cars," 4-Cyl, Hybrid, VTEC, 1.3L",Gas - City 40/Hwy 43/Comb 41 MPG, 5," Automatic, CVT",insight,5879.0,7057.0,4700.0,180000,4371.0,3240.0,3595.0,4009.0,6082.0,2011
41, Hatchback, Japan, Japan, 4, FWD, Compact Cars," 4-Cyl, Hybrid, VTEC, 1.3L",Gas - City 40/Hwy 43/Comb 41 MPG, 5," Automatic, CVT",insight,5759.0,6937.0,4580.0,190000,4251.0,3120.0,3475.0,3889.0,5962.0,2011
42, Hatchback, Japan, Japan, 4, FWD, Compact Cars," 4-Cyl, Hybrid, VTEC, 1.3L",Gas - City 40/Hwy 43/Comb 41 MPG, 5," Automatic, CVT",insight,5655.0,6833.0,4476.0,200000,4147.0,3016.0,3371.0,3785.0,5858.0,2011
43, Hatchback, Japan, Japan, 4, FWD, Compact Cars," 4-Cyl, Hybrid, VTEC, 1.3L",Gas - City 40/Hwy 43/Comb 41 MPG, 5," Automatic, CVT",insight,5565.0,6743.0,4386.0,210000,4057.0,2926.0,3281.0,3695.0,5768.0,2011
44, Hatchback, Japan, Japan, 4, FWD, Compact Cars," 4-Cyl, Hybrid, VTEC, 1.3L",Gas - City 40/Hwy 43/Comb 41 MPG, 5," Automatic, CVT",insight,5491.0,6669.0,4312.0,220000,3983.0,2852.0,3207.0,3621.0,5694.0,2011
45, Hatchback, Japan, Japan, 4, FWD, Compact Cars," 4-Cyl, Hybrid, VTEC, 1.3L",Gas - City 40/Hwy 43/Comb 41 MPG, 5," Automatic, CVT",insight,5432.0,6610.0,4253.0,230000,3924.0,2793.0,3148.0,3562.0,5635.0,2011
46, Hatchback, Japan, Japan, 4, FWD, Compact Cars," 4-Cyl, Hybrid VTEC 1.3L",Gas - City 41/Hwy 44/Comb 42 MPG, 5," Automatic, CVT",insight,10591.0,11776.0,9405.0,10000,9163.0,8083.0,8471.0,8835.0,10872.0,2012
47, Hatchback, Japan, Japan, 4, FWD, Compact Cars," 4-Cyl, Hybrid VTEC 1.3L",Gas - City 41/Hwy 44/Comb 42 MPG, 5," Automatic, CVT",insight,10438.0,11623.0,9252.0,20000,9010.0,7930.0,8318.0,8682.0,10719.0,2012
48, Hatchback, Japan, Japan, 4, FWD, Compact Cars," 4-Cyl, Hybrid VTEC 1.3L",Gas - City 41/Hwy 44/Comb 42 MPG, 5," Automatic, CVT",insight,10155.0,11340.0,8969.0,30000,8727.0,7647.0,8035.0,8399.0,10436.0,2012
49, Hatchback, Japan, Japan, 4, FWD, Compact Cars," 4-Cyl, Hybrid VTEC 1.3L",Gas - City 41/Hwy 44/Comb 42 MPG, 5," Automatic, CVT",insight,9816.0,11001.0,8630.0,40000,8388.0,7308.0,7696.0,8060.0,10097.0,2012
50, Hatchback, Japan, Japan, 4, FWD, Compact Cars," 4-Cyl, Hybrid VTEC 1.3L",Gas - City 41/Hwy 44/Comb 42 MPG, 5," Automatic, CVT",insight,9493.0,10678.0,8307.0,50000,8065.0,6985.0,7373.0,7737.0,9774.0,2012
51, Hatchback, Japan, Japan, 4, FWD, Compact Cars," 4-Cyl, Hybrid VTEC 1.3L",Gas - City 41/Hwy 44/Comb 42 MPG, 5," Automatic, CVT",insight,9155.0,10340.0,7969.0,60000,7727.0,6647.0,7035.0,7399.0,9436.0,2012
52, Hatchback, Japan, Japan, 4, FWD, Compact Cars," 4-Cyl, Hybrid VTEC 1.3L",Gas - City 41/Hwy 44/Comb 42 MPG, 5," Automatic, CVT",insight,8812.0,9997.0,7626.0,70000,7384.0,6304.0,6692.0,7056.0,9093.0,2012
53, Hatchback, Japan, Japan, 4, FWD, Compact Cars," 4-Cyl, Hybrid VTEC 1.3L",Gas - City 41/Hwy 44/Comb 42 MPG, 5," Automatic, CVT",insight,8463.0,9648.0,7277.0,80000,7035.0,5955.0,6343.0,6707.0,8744.0,2012
54, Hatchback, Japan, Japan, 4, FWD, Compact Cars," 4-Cyl, Hybrid VTEC 1.3L",Gas - City 41/Hwy 44/Comb 42 MPG, 5," Automatic, CVT",insight,8114.0,9299.0,6928.0,90000,6686.0,5606.0,5994.0,6358.0,8395.0,2012
55, Hatchback, Japan, Japan, 4, FWD, Compact Cars," 4-Cyl, Hybrid VTEC 1.3L",Gas - City 41/Hwy 44/Comb 42 MPG, 5," Automatic, CVT",insight,7781.0,8966.0,6595.0,100000,6353.0,5273.0,5661.0,6025.0,8062.0,2012
56, Hatchback, Japan, Japan, 4, FWD, Compact Cars," 4-Cyl, Hybrid VTEC 1.3L",Gas - City 41/Hwy 44/Comb 42 MPG, 5," Automatic, CVT",insight,7472.0,8657.0,6286.0,110000,6044.0,4964.0,5352.0,5716.0,7753.0,2012
57, Hatchback, Japan, Japan, 4, FWD, Compact Cars," 4-Cyl, Hybrid VTEC 1.3L",Gas - City 41/Hwy 44/Comb 42 MPG, 5," Automatic, CVT",insight,7189.0,8374.0,6003.0,120000,5761.0,4681.0,5069.0,5433.0,7470.0,2012
58, Hatchback, Japan, Japan, 4, FWD, Compact Cars," 4-Cyl, Hybrid VTEC 1.3L",Gas - City 41/Hwy 44/Comb 42 MPG, 5," Automatic, CVT",insight,6937.0,8122.0,5751.0,130000,5509.0,4429.0,4817.0,5181.0,7218.0,2012
59, Hatchback, Japan, Japan, 4, FWD, Compact Cars," 4-Cyl, Hybrid VTEC 1.3L",Gas - City 41/Hwy 44/Comb 42 MPG, 5," Automatic, CVT",insight,6719.0,7904.0,5533.0,140000,5291.0,4211.0,4599.0,4963.0,7000.0,2012
60, Hatchback, Japan, Japan, 4, FWD, Compact Cars," 4-Cyl, Hybrid VTEC 1.3L",Gas - City 41/Hwy 44/Comb 42 MPG, 5," Automatic, CVT",insight,6521.0,7706.0,5335.0,150000,5093.0,4013.0,4401.0,4765.0,6802.0,2012
61, Hatchback, Japan, Japan, 4, FWD, Compact Cars," 4-Cyl, Hybrid VTEC 1.3L",Gas - City 41/Hwy 44/Comb 42 MPG, 5," Automatic, CVT",insight,6341.0,7526.0,5155.0,160000,4913.0,3833.0,4221.0,4585.0,6622.0,2012
62, Hatchback, Japan, Japan, 4, FWD, Compact Cars," 4-Cyl, Hybrid VTEC 1.3L",Gas - City 41/Hwy 44/Comb 42 MPG, 5," Automatic, CVT",insight,6178.0,7363.0,4992.0,170000,4750.0,3670.0,4058.0,4422.0,6459.0,2012
63, Hatchback, Japan, Japan, 4, FWD, Compact Cars," 4-Cyl, Hybrid VTEC 1.3L",Gas - City 41/Hwy 44/Comb 42 MPG, 5," Automatic, CVT",insight,6032.0,7217.0,4846.0,180000,4604.0,3524.0,3912.0,4276.0,6313.0,2012
64, Hatchback, Japan, Japan, 4, FWD, Compact Cars," 4-Cyl, Hybrid VTEC 1.3L",Gas - City 41/Hwy 44/Comb 42 MPG, 5," Automatic, CVT",insight,5902.0,7087.0,4716.0,190000,4474.0,3394.0,3782.0,4146.0,6183.0,2012
65, Hatchback, Japan, Japan, 4, FWD, Compact Cars," 4-Cyl, Hybrid VTEC 1.3L",Gas - City 41/Hwy 44/Comb 42 MPG, 5," Automatic, CVT",insight,5788.0,6973.0,4602.0,200000,4360.0,3280.0,3668.0,4032.0,6069.0,2012
66, Hatchback, Japan, Japan, 4, FWD, Compact Cars," 4-Cyl, Hybrid VTEC 1.3L",Gas - City 41/Hwy 44/Comb 42 MPG, 5," Automatic, CVT",insight,5691.0,6876.0,4505.0,210000,4263.0,3183.0,3571.0,3935.0,5972.0,2012
67, Hatchback, Japan, Japan, 4, FWD, Compact Cars," 4-Cyl, Hybrid VTEC 1.3L",Gas - City 41/Hwy 44/Comb 42 MPG, 5," Automatic, CVT",insight,5611.0,6796.0,4425.0,220000,4183.0,3103.0,3491.0,3855.0,5892.0,2012
68, Hatchback, Japan, Japan, 4, FWD, Compact Cars," 4-Cyl, Hybrid VTEC 1.3L",Gas - City 41/Hwy 44/Comb 42 MPG, 5," Automatic, CVT",insight,5547.0,6732.0,4361.0,230000,4119.0,3039.0,3427.0,3791.0,5828.0,2012
69, Sedan, United States, Japan, 4, FWD, Compact Cars," 4-Cyl, VTEC, 1.8 Liter",City 25/Hwy 36/Comb 29 MPG, 5," Automatic, 5-Spd w/Overdrive",civic,7353.0,8172.0,6533.0,10000,6644.0,5701.0,5992.0,6284.0,8225.0,2010
70, Sedan, United States, Japan, 4, FWD, Compact Cars," 4-Cyl, VTEC, 1.8 Liter",City 25/Hwy 36/Comb 29 MPG, 5," Automatic, 5-Spd w/Overdrive",civic,7316.0,8135.0,6496.0,20000,6607.0,5664.0,5955.0,6247.0,8188.0,2010
71, Sedan, United States, Japan, 4, FWD, Compact Cars," 4-Cyl, VTEC, 1.8 Liter",City 25/Hwy 36/Comb 29 MPG, 5," Automatic, 5-Spd w/Overdrive",civic,7121.0,7940.0,6301.0,30000,6412.0,5469.0,5760.0,6052.0,7993.0,2010
72, Sedan, United States, Japan, 4, FWD, Compact Cars," 4-Cyl, VTEC, 1.8 Liter",City 25/Hwy 36/Comb 29 MPG, 5," Automatic, 5-Spd w/Overdrive",civic,6887.0,7706.0,6067.0,40000,6178.0,5235.0,5526.0,5818.0,7759.0,2010
73, Sedan, United States, Japan, 4, FWD, Compact Cars," 4-Cyl, VTEC, 1.8 Liter",City 25/Hwy 36/Comb 29 MPG, 5," Automatic, 5-Spd w/Overdrive",civic,6664.0,7483.0,5844.0,50000,5955.0,5012.0,5303.0,5595.0,7536.0,2010
74, Sedan, United States, Japan, 4, FWD, Compact Cars," 4-Cyl, VTEC, 1.8 Liter",City 25/Hwy 36/Comb 29 MPG, 5," Automatic, 5-Spd w/Overdrive",civic,6431.0,7250.0,5611.0,60000,5722.0,4779.0,5070.0,5362.0,7303.0,2010
75, Sedan, United States, Japan, 4, FWD, Compact Cars," 4-Cyl, VTEC, 1.8 Liter",City 25/Hwy 36/Comb 29 MPG, 5," Automatic, 5-Spd w/Overdrive",civic,6193.0,7012.0,5373.0,70000,5484.0,4541.0,4832.0,5124.0,7065.0,2010
76, Sedan, United States, Japan, 4, FWD, Compact Cars," 4-Cyl, VTEC, 1.8 Liter",City 25/Hwy 36/Comb 29 MPG, 5," Automatic, 5-Spd w/Overdrive",civic,5953.0,6772.0,5133.0,80000,5244.0,4301.0,4592.0,4884.0,6825.0,2010
77, Sedan, United States, Japan, 4, FWD, Compact Cars," 4-Cyl, VTEC, 1.8 Liter",City 25/Hwy 36/Comb 29 MPG, 5," Automatic, 5-Spd w/Overdrive",civic,5712.0,6531.0,4892.0,90000,5003.0,4060.0,4351.0,4643.0,6584.0,2010
78, Sedan, United States, Japan, 4, FWD, Compact Cars," 4-Cyl, VTEC, 1.8 Liter",City 25/Hwy 36/Comb 29 MPG, 5," Automatic, 5-Spd w/Overdrive",civic,5483.0,6302.0,4663.0,100000,4774.0,3831.0,4122.0,4414.0,6355.0,2010
79, Sedan, United States, Japan, 4, FWD, Compact Cars," 4-Cyl, VTEC, 1.8 Liter",City 25/Hwy 36/Comb 29 MPG, 5," Automatic, 5-Spd w/Overdrive",civic,5269.0,6088.0,4449.0,110000,4560.0,3617.0,3908.0,4200.0,6141.0,2010
80, Sedan, United States, Japan, 4, FWD, Compact Cars," 4-Cyl, VTEC, 1.8 Liter",City 25/Hwy 36/Comb 29 MPG, 5," Automatic, 5-Spd w/Overdrive",civic,5074.0,5893.0,4254.0,120000,4365.0,3422.0,3713.0,4005.0,5946.0,2010
81, Sedan, United States, Japan, 4, FWD, Compact Cars," 4-Cyl, VTEC, 1.8 Liter",City 25/Hwy 36/Comb 29 MPG, 5," Automatic, 5-Spd w/Overdrive",civic,4900.0,5719.0,4080.0,130000,4191.0,3248.0,3539.0,3831.0,5772.0,2010
82, Sedan, United States, Japan, 4, FWD, Compact Cars," 4-Cyl, VTEC, 1.8 Liter",City 25/Hwy 36/Comb 29 MPG, 5," Automatic, 5-Spd w/Overdrive",civic,4749.0,5568.0,3929.0,140000,4040.0,3097.0,3388.0,3680.0,5621.0,2010
83, Sedan, United States, Japan, 4, FWD, Compact Cars," 4-Cyl, VTEC, 1.8 Liter",City 25/Hwy 36/Comb 29 MPG, 5," Automatic, 5-Spd w/Overdrive",civic,4613.0,5432.0,3793.0,150000,3904.0,2961.0,3252.0,3544.0,5485.0,2010
84, Sedan, United States, Japan, 4, FWD, Compact Cars," 4-Cyl, VTEC, 1.8 Liter",City 25/Hwy 36/Comb 29 MPG, 5," Automatic, 5-Spd w/Overdrive",civic,4489.0,5308.0,3669.0,160000,3780.0,2837.0,3128.0,3420.0,5361.0,2010
85, Sedan, United States, Japan, 4, FWD, Compact Cars," 4-Cyl, VTEC, 1.8 Liter",City 25/Hwy 36/Comb 29 MPG, 5," Automatic, 5-Spd w/Overdrive",civic,4376.0,5195.0,3556.0,170000,3667.0,2724.0,3015.0,3307.0,5248.0,2010
86, Sedan, United States, Japan, 4, FWD, Compact Cars," 4-Cyl, VTEC, 1.8 Liter",City 25/Hwy 36/Comb 29 MPG, 5," Automatic, 5-Spd w/Overdrive",civic,4275.0,5094.0,3455.0,180000,3566.0,2623.0,2914.0,3206.0,5147.0,2010
87, Sedan, United States, Japan, 4, FWD, Compact Cars," 4-Cyl, VTEC, 1.8 Liter",City 25/Hwy 36/Comb 29 MPG, 5," Automatic, 5-Spd w/Overdrive",civic,4186.0,5005.0,3366.0,190000,3477.0,2534.0,2825.0,3117.0,5058.0,2010
88, Sedan, United States, Japan, 4, FWD, Compact Cars," 4-Cyl, VTEC, 1.8 Liter",City 25/Hwy 36/Comb 29 MPG, 5," Automatic, 5-Spd w/Overdrive",civic,4107.0,4926.0,3287.0,200000,3398.0,2455.0,2746.0,3038.0,4979.0,2010
89, Sedan, United States, Japan, 4, FWD, Compact Cars," 4-Cyl, VTEC, 1.8 Liter",City 25/Hwy 36/Comb 29 MPG, 5," Automatic, 5-Spd w/Overdrive",civic,4040.0,4859.0,3220.0,210000,3331.0,2388.0,2679.0,2971.0,4912.0,2010
90, Sedan, United States, Japan, 4, FWD, Compact Cars," 4-Cyl, VTEC, 1.8 Liter",City 25/Hwy 36/Comb 29 MPG, 5," Automatic, 5-Spd w/Overdrive",civic,3985.0,4804.0,3165.0,220000,3276.0,2333.0,2624.0,2916.0,4857.0,2010
91, Sedan, United States, Japan, 4, FWD, Compact Cars," 4-Cyl, VTEC, 1.8 Liter",City 25/Hwy 36/Comb 29 MPG, 5," Automatic, 5-Spd w/Overdrive",civic,3940.0,4759.0,3120.0,230000,3231.0,2288.0,2579.0,2871.0,4812.0,2010
92, Sedan, United States, Japan, 4, FWD, Compact Cars," 4-Cyl, VTEC, 1.8 Liter",City 25/Hwy 36/Comb 29 MPG, 5," Automatic, 5-Spd w/Overdrive",civic,8354.0,9225.0,7482.0,10000,7823.0,6797.0,7144.0,7463.0,9436.0,2011
93, Sedan, United States, Japan, 4, FWD, Compact Cars," 4-Cyl, VTEC, 1.8 Liter",City 25/Hwy 36/Comb 29 MPG, 5," Automatic, 5-Spd w/Overdrive",civic,8266.0,9137.0,7394.0,20000,7735.0,6709.0,7056.0,7375.0,9348.0,2011
94, Sedan, United States, Japan, 4, FWD, Compact Cars," 4-Cyl, VTEC, 1.8 Liter",City 25/Hwy 36/Comb 29 MPG, 5," Automatic, 5-Spd w/Overdrive",civic,8029.0,8900.0,7157.0,30000,7498.0,6472.0,6819.0,7138.0,9111.0,2011
95, Sedan, United States, Japan, 4, FWD, Compact Cars," 4-Cyl, VTEC, 1.8 Liter",City 25/Hwy 36/Comb 29 MPG, 5," Automatic, 5-Spd w/Overdrive",civic,7745.0,8616.0,6873.0,40000,7214.0,6188.0,6535.0,6854.0,8827.0,2011
96, Sedan, United States, Japan, 4, FWD, Compact Cars," 4-Cyl, VTEC, 1.8 Liter",City 25/Hwy 36/Comb 29 MPG, 5," Automatic, 5-Spd w/Overdrive",civic,7474.0,8345.0,6602.0,50000,6943.0,5917.0,6264.0,6583.0,8556.0,2011
97, Sedan, United States, Japan, 4, FWD, Compact Cars," 4-Cyl, VTEC, 1.8 Liter",City 25/Hwy 36/Comb 29 MPG, 5," Automatic, 5-Spd w/Overdrive",civic,7191.0,8062.0,6319.0,60000,6660.0,5634.0,5981.0,6300.0,8273.0,2011
98, Sedan, United States, Japan, 4, FWD, Compact Cars," 4-Cyl, VTEC, 1.8 Liter",City 25/Hwy 36/Comb 29 MPG, 5," Automatic, 5-Spd w/Overdrive",civic,6902.0,7773.0,6030.0,70000,6371.0,5345.0,5692.0,6011.0,7984.0,2011
99, Sedan, United States, Japan, 4, FWD, Compact Cars," 4-Cyl, VTEC, 1.8 Liter",City 25/Hwy 36/Comb 29 MPG, 5," Automatic, 5-Spd w/Overdrive",civic,6610.0,7481.0,5738.0,80000,6079.0,5053.0,5400.0,5719.0,7692.0,2011
100, Sedan, United States, Japan, 4, FWD, Compact Cars," 4-Cyl, VTEC, 1.8 Liter",City 25/Hwy 36/Comb 29 MPG, 5," Automatic, 5-Spd w/Overdrive",civic,6317.0,7188.0,5445.0,90000,5786.0,4760.0,5107.0,5426.0,7399.0,2011
101, Sedan, United States, Japan, 4, FWD, Compact Cars," 4-Cyl, VTEC, 1.8 Liter",City 25/Hwy 36/Comb 29 MPG, 5," Automatic, 5-Spd w/Overdrive",civic,6038.0,6909.0,5166.0,100000,5507.0,4481.0,4828.0,5147.0,7120.0,2011
102, Sedan, United States, Japan, 4, FWD, Compact Cars," 4-Cyl, VTEC, 1.8 Liter",City 25/Hwy 36/Comb 29 MPG, 5," Automatic, 5-Spd w/Overdrive",civic,5778.0,6649.0,4906.0,110000,5247.0,4221.0,4568.0,4887.0,6860.0,2011
103, Sedan, United States, Japan, 4, FWD, Compact Cars," 4-Cyl, VTEC, 1.8 Liter",City 25/Hwy 36/Comb 29 MPG, 5," Automatic, 5-Spd w/Overdrive",civic,5541.0,6412.0,4669.0,120000,5010.0,3984.0,4331.0,4650.0,6623.0,2011
104, Sedan, United States, Japan, 4, FWD, Compact Cars," 4-Cyl, VTEC, 1.8 Liter",City 25/Hwy 36/Comb 29 MPG, 5," Automatic, 5-Spd w/Overdrive",civic,5330.0,6201.0,4458.0,130000,4799.0,3773.0,4120.0,4439.0,6412.0,2011
105, Sedan, United States, Japan, 4, FWD, Compact Cars," 4-Cyl, VTEC, 1.8 Liter",City 25/Hwy 36/Comb 29 MPG, 5," Automatic, 5-Spd w/Overdrive",civic,5147.0,6018.0,4275.0,140000,4616.0,3590.0,3937.0,4256.0,6229.0,2011
106, Sedan, United States, Japan, 4, FWD, Compact Cars," 4-Cyl, VTEC, 1.8 Liter",City 25/Hwy 36/Comb 29 MPG, 5," Automatic, 5-Spd w/Overdrive",civic,4981.0,5852.0,4109.0,150000,4450.0,3424.0,3771.0,4090.0,6063.0,2011
107, Sedan, United States, Japan, 4, FWD, Compact Cars," 4-Cyl, VTEC, 1.8 Liter",City 25/Hwy 36/Comb 29 MPG, 5," Automatic, 5-Spd w/Overdrive",civic,4830.0,5701.0,3958.0,160000,4299.0,3273.0,3620.0,3939.0,5912.0,2011
108, Sedan, United States, Japan, 4, FWD, Compact Cars," 4-Cyl, VTEC, 1.8 Liter",City 25/Hwy 36/Comb 29 MPG, 5," Automatic, 5-Spd w/Overdrive",civic,4693.0,5564.0,3821.0,170000,4162.0,3136.0,3483.0,3802.0,5775.0,2011
109, Sedan, United States, Japan, 4, FWD, Compact Cars," 4-Cyl, VTEC, 1.8 Liter",City 25/Hwy 36/Comb 29 MPG, 5," Automatic, 5-Spd w/Overdrive",civic,4570.0,5441.0,3698.0,180000,4039.0,3013.0,3360.0,3679.0,5652.0,2011
110, Sedan, United States, Japan, 4, FWD, Compact Cars," 4-Cyl, VTEC, 1.8 Liter",City 25/Hwy 36/Comb 29 MPG, 5," Automatic, 5-Spd w/Overdrive",civic,4461.0,5332.0,3589.0,190000,3930.0,2904.0,3251.0,3570.0,5543.0,2011
111, Sedan, United States, Japan, 4, FWD, Compact Cars," 4-Cyl, VTEC, 1.8 Liter",City 25/Hwy 36/Comb 29 MPG, 5," Automatic, 5-Spd w/Overdrive",civic,4366.0,5237.0,3494.0,200000,3835.0,2809.0,3156.0,3475.0,5448.0,2011
112, Sedan, United States, Japan, 4, FWD, Compact Cars," 4-Cyl, VTEC, 1.8 Liter",City 25/Hwy 36/Comb 29 MPG, 5," Automatic, 5-Spd w/Overdrive",civic,4285.0,5156.0,3413.0,210000,3754.0,2728.0,3075.0,3394.0,5367.0,2011
113, Sedan, United States, Japan, 4, FWD, Compact Cars," 4-Cyl, VTEC, 1.8 Liter",City 25/Hwy 36/Comb 29 MPG, 5," Automatic, 5-Spd w/Overdrive",civic,4217.0,5088.0,3345.0,220000,3686.0,2660.0,3007.0,3326.0,5299.0,2011
114, Sedan, United States, Japan, 4, FWD, Compact Cars," 4-Cyl, VTEC, 1.8 Liter",City 25/Hwy 36/Comb 29 MPG, 5," Automatic, 5-Spd w/Overdrive",civic,4163.0,5034.0,3291.0,230000,3632.0,2606.0,2953.0,3272.0,5245.0,2011
115, Sedan, Canada, Japan, 4, FWD, Compact Cars," 4-Cyl, VTEC, 1.8 Liter",City 28/Hwy 36/Comb 31 MPG, 5," Manual, 5-Spd w/Overdrive",civic,9959.0,10942.0,8975.0,10000,9247.0,8123.0,8540.0,8890.0,10683.0,2012
116, Sedan, Canada, Japan, 4, FWD, Compact Cars," 4-Cyl, VTEC, 1.8 Liter",City 28/Hwy 36/Comb 31 MPG, 5," Manual, 5-Spd w/Overdrive",civic,9798.0,10781.0,8814.0,20000,9086.0,7962.0,8379.0,8729.0,10522.0,2012
117, Sedan, Canada, Japan, 4, FWD, Compact Cars," 4-Cyl, VTEC, 1.8 Liter",City 28/Hwy 36/Comb 31 MPG, 5," Manual, 5-Spd w/Overdrive",civic,9503.0,10486.0,8519.0,30000,8791.0,7667.0,8084.0,8434.0,10227.0,2012
118, Sedan, Canada, Japan, 4, FWD, Compact Cars," 4-Cyl, VTEC, 1.8 Liter",City 28/Hwy 36/Comb 31 MPG, 5," Manual, 5-Spd w/Overdrive",civic,9149.0,10132.0,8165.0,40000,8437.0,7313.0,7730.0,8080.0,9873.0,2012
119, Sedan, Canada, Japan, 4, FWD, Compact Cars," 4-Cyl, VTEC, 1.8 Liter",City 28/Hwy 36/Comb 31 MPG, 5," Manual, 5-Spd w/Overdrive",civic,8811.0,9794.0,7827.0,50000,8099.0,6975.0,7392.0,7742.0,9535.0,2012
120, Sedan, Canada, Japan, 4, FWD, Compact Cars," 4-Cyl, VTEC, 1.8 Liter",City 28/Hwy 36/Comb 31 MPG, 5," Manual, 5-Spd w/Overdrive",civic,8459.0,9442.0,7475.0,60000,7747.0,6623.0,7040.0,7390.0,9183.0,2012
121, Sedan, Canada, Japan, 4, FWD, Compact Cars," 4-Cyl, VTEC, 1.8 Liter",City 28/Hwy 36/Comb 31 MPG, 5," Manual, 5-Spd w/Overdrive",civic,8100.0,9083.0,7116.0,70000,7388.0,6264.0,6681.0,7031.0,8824.0,2012
122, Sedan, Canada, Japan, 4, FWD, Compact Cars," 4-Cyl, VTEC, 1.8 Liter",City 28/Hwy 36/Comb 31 MPG, 5," Manual, 5-Spd w/Overdrive",civic,7735.0,8718.0,6751.0,80000,7023.0,5899.0,6316.0,6666.0,8459.0,2012
123, Sedan, Canada, Japan, 4, FWD, Compact Cars," 4-Cyl, VTEC, 1.8 Liter",City 28/Hwy 36/Comb 31 MPG, 5," Manual, 5-Spd w/Overdrive",civic,7370.0,8353.0,6386.0,90000,6658.0,5534.0,5951.0,6301.0,8094.0,2012
124, Sedan, Canada, Japan, 4, FWD, Compact Cars," 4-Cyl, VTEC, 1.8 Liter",City 28/Hwy 36/Comb 31 MPG, 5," Manual, 5-Spd w/Overdrive",civic,7023.0,8006.0,6039.0,100000,6311.0,5187.0,5604.0,5954.0,7747.0,2012
125, Sedan, Canada, Japan, 4, FWD, Compact Cars," 4-Cyl, VTEC, 1.8 Liter",City 28/Hwy 36/Comb 31 MPG, 5," Manual, 5-Spd w/Overdrive",civic,6700.0,7683.0,5716.0,110000,5988.0,4864.0,5281.0,5631.0,7424.0,2012
126, Sedan, Canada, Japan, 4, FWD, Compact Cars," 4-Cyl, VTEC, 1.8 Liter",City 28/Hwy 36/Comb 31 MPG, 5," Manual, 5-Spd w/Overdrive",civic,6404.0,7387.0,5420.0,120000,5692.0,4568.0,4985.0,5335.0,7128.0,2012
127, Sedan, Canada, Japan, 4, FWD, Compact Cars," 4-Cyl, VTEC, 1.8 Liter",City 28/Hwy 36/Comb 31 MPG, 5," Manual, 5-Spd w/Overdrive",civic,6141.0,7124.0,5157.0,130000,5429.0,4305.0,4722.0,5072.0,6865.0,2012
128, Sedan, Canada, Japan, 4, FWD, Compact Cars," 4-Cyl, VTEC, 1.8 Liter",City 28/Hwy 36/Comb 31 MPG, 5," Manual, 5-Spd w/Overdrive",civic,5913.0,6896.0,4929.0,140000,5201.0,4077.0,4494.0,4844.0,6637.0,2012
129, Sedan, Canada, Japan, 4, FWD, Compact Cars," 4-Cyl, VTEC, 1.8 Liter",City 28/Hwy 36/Comb 31 MPG, 5," Manual, 5-Spd w/Overdrive",civic,5706.0,6689.0,4722.0,150000,4994.0,3870.0,4287.0,4637.0,6430.0,2012
130, Sedan, Canada, Japan, 4, FWD, Compact Cars," 4-Cyl, VTEC, 1.8 Liter",City 28/Hwy 36/Comb 31 MPG, 5," Manual, 5-Spd w/Overdrive",civic,5519.0,6502.0,4535.0,160000,4807.0,3683.0,4100.0,4450.0,6243.0,2012
131, Sedan, Canada, Japan, 4, FWD, Compact Cars," 4-Cyl, VTEC, 1.8 Liter",City 28/Hwy 36/Comb 31 MPG, 5," Manual, 5-Spd w/Overdrive",civic,5348.0,6331.0,4364.0,170000,4636.0,3512.0,3929.0,4279.0,6072.0,2012
132, Sedan, Canada, Japan, 4, FWD, Compact Cars," 4-Cyl, VTEC, 1.8 Liter",City 28/Hwy 36/Comb 31 MPG, 5," Manual, 5-Spd w/Overdrive",civic,5195.0,6178.0,4211.0,180000,4483.0,3359.0,3776.0,4126.0,5919.0,2012
133, Sedan, Canada, Japan, 4, FWD, Compact Cars," 4-Cyl, VTEC, 1.8 Liter",City 28/Hwy 36/Comb 31 MPG, 5," Manual, 5-Spd w/Overdrive",civic,5060.0,6043.0,4076.0,190000,4348.0,3224.0,3641.0,3991.0,5784.0,2012
134, Sedan, Canada, Japan, 4, FWD, Compact Cars," 4-Cyl, VTEC, 1.8 Liter",City 28/Hwy 36/Comb 31 MPG, 5," Manual, 5-Spd w/Overdrive",civic,4941.0,5924.0,3957.0,200000,4229.0,3105.0,3522.0,3872.0,5665.0,2012
135, Sedan, Canada, Japan, 4, FWD, Compact Cars," 4-Cyl, VTEC, 1.8 Liter",City 28/Hwy 36/Comb 31 MPG, 5," Manual, 5-Spd w/Overdrive",civic,4840.0,5823.0,3856.0,210000,4128.0,3004.0,3421.0,3771.0,5564.0,2012
136, Sedan, Canada, Japan, 4, FWD, Compact Cars," 4-Cyl, VTEC, 1.8 Liter",City 28/Hwy 36/Comb 31 MPG, 5," Manual, 5-Spd w/Overdrive",civic,4755.0,5738.0,3771.0,220000,4043.0,2919.0,3336.0,3686.0,5479.0,2012
137, Sedan, Canada, Japan, 4, FWD, Compact Cars," 4-Cyl, VTEC, 1.8 Liter",City 28/Hwy 36/Comb 31 MPG, 5," Manual, 5-Spd w/Overdrive",civic,4688.0,5671.0,3704.0,230000,3976.0,2852.0,3269.0,3619.0,5412.0,2012
138, Sedan, United States, Japan, 4, FWD, Compact Cars," 4-Cyl, 1.8 Liter",City 26/Hwy 34/Comb 29 MPG, 5," Automatic, 4-Spd w/Overdrive",corolla,10423.0,11611.0,9234.0,10000,9288.0,7943.0,8359.0,8776.0,10954.0,2010
139, Sedan, United States, Japan, 4, FWD, Compact Cars," 4-Cyl, 1.8 Liter",City 26/Hwy 34/Comb 29 MPG, 5," Automatic, 4-Spd w/Overdrive",corolla,10423.0,11611.0,9234.0,20000,9288.0,7943.0,8359.0,8776.0,10954.0,2010
140, Sedan, United States, Japan, 4, FWD, Compact Cars," 4-Cyl, 1.8 Liter",City 26/Hwy 34/Comb 29 MPG, 5," Automatic, 4-Spd w/Overdrive",corolla,10174.0,11362.0,8985.0,30000,9039.0,7694.0,8110.0,8527.0,10705.0,2010
141, Sedan, United States, Japan, 4, FWD, Compact Cars," 4-Cyl, 1.8 Liter",City 26/Hwy 34/Comb 29 MPG, 5," Automatic, 4-Spd w/Overdrive",corolla,9870.0,11058.0,8681.0,40000,8735.0,7390.0,7806.0,8223.0,10401.0,2010
142, Sedan, United States, Japan, 4, FWD, Compact Cars," 4-Cyl, 1.8 Liter",City 26/Hwy 34/Comb 29 MPG, 5," Automatic, 4-Spd w/Overdrive",corolla,9581.0,10769.0,8392.0,50000,8446.0,7101.0,7517.0,7934.0,10112.0,2010
143, Sedan, United States, Japan, 4, FWD, Compact Cars," 4-Cyl, 1.8 Liter",City 26/Hwy 34/Comb 29 MPG, 5," Automatic, 4-Spd w/Overdrive",corolla,9279.0,10467.0,8090.0,60000,8144.0,6799.0,7215.0,7632.0,9810.0,2010
144, Sedan, United States, Japan, 4, FWD, Compact Cars," 4-Cyl, 1.8 Liter",City 26/Hwy 34/Comb 29 MPG, 5," Automatic, 4-Spd w/Overdrive",corolla,8970.0,10158.0,7781.0,70000,7835.0,6490.0,6906.0,7323.0,9501.0,2010
145, Sedan, United States, Japan, 4, FWD, Compact Cars," 4-Cyl, 1.8 Liter",City 26/Hwy 34/Comb 29 MPG, 5," Automatic, 4-Spd w/Overdrive",corolla,8657.0,9845.0,7468.0,80000,7522.0,6177.0,6593.0,7010.0,9188.0,2010
146, Sedan, United States, Japan, 4, FWD, Compact Cars," 4-Cyl, 1.8 Liter",City 26/Hwy 34/Comb 29 MPG, 5," Automatic, 4-Spd w/Overdrive",corolla,8346.0,9534.0,7157.0,90000,7211.0,5866.0,6282.0,6699.0,8877.0,2010
147, Sedan, United States, Japan, 4, FWD, Compact Cars," 4-Cyl, 1.8 Liter",City 26/Hwy 34/Comb 29 MPG, 5," Automatic, 4-Spd w/Overdrive",corolla,8047.0,9235.0,6858.0,100000,6912.0,5567.0,5983.0,6400.0,8578.0,2010
148, Sedan, United States, Japan, 4, FWD, Compact Cars," 4-Cyl, 1.8 Liter",City 26/Hwy 34/Comb 29 MPG, 5," Automatic, 4-Spd w/Overdrive",corolla,7767.0,8955.0,6578.0,110000,6632.0,5287.0,5703.0,6120.0,8298.0,2010
149, Sedan, United States, Japan, 4, FWD, Compact Cars," 4-Cyl, 1.8 Liter",City 26/Hwy 34/Comb 29 MPG, 5," Automatic, 4-Spd w/Overdrive",corolla,7513.0,8701.0,6324.0,120000,6378.0,5033.0,5449.0,5866.0,8044.0,2010
150, Sedan, United States, Japan, 4, FWD, Compact Cars," 4-Cyl, 1.8 Liter",City 26/Hwy 34/Comb 29 MPG, 5," Automatic, 4-Spd w/Overdrive",corolla,7286.0,8474.0,6097.0,130000,6151.0,4806.0,5222.0,5639.0,7817.0,2010
151, Sedan, United States, Japan, 4, FWD, Compact Cars," 4-Cyl, 1.8 Liter",City 26/Hwy 34/Comb 29 MPG, 5," Automatic, 4-Spd w/Overdrive",corolla,7088.0,8276.0,5899.0,140000,5953.0,4608.0,5024.0,5441.0,7619.0,2010
152, Sedan, United States, Japan, 4, FWD, Compact Cars," 4-Cyl, 1.8 Liter",City 26/Hwy 34/Comb 29 MPG, 5," Automatic, 4-Spd w/Overdrive",corolla,6914.0,8102.0,5725.0,150000,5779.0,4434.0,4850.0,5267.0,7445.0,2010
153, Sedan, United States, Japan, 4, FWD, Compact Cars," 4-Cyl, 1.8 Liter",City 26/Hwy 34/Comb 29 MPG, 5," Automatic, 4-Spd w/Overdrive",corolla,6756.0,7944.0,5567.0,160000,5621.0,4276.0,4692.0,5109.0,7287.0,2010
154, Sedan, United States, Japan, 4, FWD, Compact Cars," 4-Cyl, 1.8 Liter",City 26/Hwy 34/Comb 29 MPG, 5," Automatic, 4-Spd w/Overdrive",corolla,6613.0,7801.0,5424.0,170000,5478.0,4133.0,4549.0,4966.0,7144.0,2010
155, Sedan, United States, Japan, 4, FWD, Compact Cars," 4-Cyl, 1.8 Liter",City 26/Hwy 34/Comb 29 MPG, 5," Automatic, 4-Spd w/Overdrive",corolla,6485.0,7673.0,5296.0,180000,5350.0,4005.0,4421.0,4838.0,7016.0,2010
156, Sedan, United States, Japan, 4, FWD, Compact Cars," 4-Cyl, 1.8 Liter",City 26/Hwy 34/Comb 29 MPG, 5," Automatic, 4-Spd w/Overdrive",corolla,6372.0,7560.0,5183.0,190000,5237.0,3892.0,4308.0,4725.0,6903.0,2010
157, Sedan, United States, Japan, 4, FWD, Compact Cars," 4-Cyl, 1.8 Liter",City 26/Hwy 34/Comb 29 MPG, 5," Automatic, 4-Spd w/Overdrive",corolla,6273.0,7461.0,5084.0,200000,5138.0,3793.0,4209.0,4626.0,6804.0,2010
158, Sedan, United States, Japan, 4, FWD, Compact Cars," 4-Cyl, 1.8 Liter",City 26/Hwy 34/Comb 29 MPG, 5," Automatic, 4-Spd w/Overdrive",corolla,6189.0,7377.0,5000.0,210000,5054.0,3709.0,4125.0,4542.0,6720.0,2010
159, Sedan, United States, Japan, 4, FWD, Compact Cars," 4-Cyl, 1.8 Liter",City 26/Hwy 34/Comb 29 MPG, 5," Automatic, 4-Spd w/Overdrive",corolla,6120.0,7308.0,4931.0,220000,4985.0,3640.0,4056.0,4473.0,6651.0,2010
160, Sedan, United States, Japan, 4, FWD, Compact Cars," 4-Cyl, 1.8 Liter",City 26/Hwy 34/Comb 29 MPG, 5," Automatic, 4-Spd w/Overdrive",corolla,6066.0,7254.0,4877.0,230000,4931.0,3586.0,4002.0,4419.0,6597.0,2010
161, Sedan, United States, Japan, 4, FWD, Compact Cars," 4-Cyl, 1.8 Liter",City 26/Hwy 34/Comb 29 MPG, 5," Automatic, 4-Spd w/Overdrive",corolla,10367.0,11491.0,9242.0,10000,9289.0,8031.0,8457.0,8848.0,11100.0,2011
162, Sedan, United States, Japan, 4, FWD, Compact Cars," 4-Cyl, 1.8 Liter",City 26/Hwy 34/Comb 29 MPG, 5," Automatic, 4-Spd w/Overdrive",corolla,10311.0,11435.0,9186.0,20000,9233.0,7975.0,8401.0,8792.0,11044.0,2011
163, Sedan, United States, Japan, 4, FWD, Compact Cars," 4-Cyl, 1.8 Liter",City 26/Hwy 34/Comb 29 MPG, 5," Automatic, 4-Spd w/Overdrive",corolla,10068.0,11192.0,8943.0,30000,8990.0,7732.0,8158.0,8549.0,10801.0,2011
164, Sedan, United States, Japan, 4, FWD, Compact Cars," 4-Cyl, 1.8 Liter",City 26/Hwy 34/Comb 29 MPG, 5," Automatic, 4-Spd w/Overdrive",corolla,9772.0,10896.0,8647.0,40000,8694.0,7436.0,7862.0,8253.0,10505.0,2011
165, Sedan, United States, Japan, 4, FWD, Compact Cars," 4-Cyl, 1.8 Liter",City 26/Hwy 34/Comb 29 MPG, 5," Automatic, 4-Spd w/Overdrive",corolla,9490.0,10614.0,8365.0,50000,8412.0,7154.0,7580.0,7971.0,10223.0,2011
166, Sedan, United States, Japan, 4, FWD, Compact Cars," 4-Cyl, 1.8 Liter",City 26/Hwy 34/Comb 29 MPG, 5," Automatic, 4-Spd w/Overdrive",corolla,9196.0,10320.0,8071.0,60000,8118.0,6860.0,7286.0,7677.0,9929.0,2011
167, Sedan, United States, Japan, 4, FWD, Compact Cars," 4-Cyl, 1.8 Liter",City 26/Hwy 34/Comb 29 MPG, 5," Automatic, 4-Spd w/Overdrive",corolla,8895.0,10019.0,7770.0,70000,7817.0,6559.0,6985.0,7376.0,9628.0,2011
168, Sedan, United States, Japan, 4, FWD, Compact Cars," 4-Cyl, 1.8 Liter",City 26/Hwy 34/Comb 29 MPG, 5," Automatic, 4-Spd w/Overdrive",corolla,8571.0,9695.0,7446.0,80000,7493.0,6235.0,6661.0,7052.0,9304.0,2011
169, Sedan, United States, Japan, 4, FWD, Compact Cars," 4-Cyl, 1.8 Liter",City 26/Hwy 34/Comb 29 MPG, 5," Automatic, 4-Spd w/Overdrive",corolla,8288.0,9412.0,7163.0,90000,7210.0,5952.0,6378.0,6769.0,9021.0,2011
170, Sedan, United States, Japan, 4, FWD, Compact Cars," 4-Cyl, 1.8 Liter",City 26/Hwy 34/Comb 29 MPG, 5," Automatic, 4-Spd w/Overdrive",corolla,7995.0,9119.0,6870.0,100000,6917.0,5659.0,6085.0,6476.0,8728.0,2011
171, Sedan, United States, Japan, 4, FWD, Compact Cars," 4-Cyl, 1.8 Liter",City 26/Hwy 34/Comb 29 MPG, 5," Automatic, 4-Spd w/Overdrive",corolla,7723.0,8847.0,6598.0,110000,6645.0,5387.0,5813.0,6204.0,8456.0,2011
172, Sedan, United States, Japan, 4, FWD, Compact Cars," 4-Cyl, 1.8 Liter",City 26/Hwy 34/Comb 29 MPG, 5," Automatic, 4-Spd w/Overdrive",corolla,7475.0,8599.0,6350.0,120000,6397.0,5139.0,5565.0,5956.0,8208.0,2011
173, Sedan, United States, Japan, 4, FWD, Compact Cars," 4-Cyl, 1.8 Liter",City 26/Hwy 34/Comb 29 MPG, 5," Automatic, 4-Spd w/Overdrive",corolla,7254.0,8378.0,6129.0,130000,6176.0,4918.0,5344.0,5735.0,7987.0,2011
174, Sedan, United States, Japan, 4, FWD, Compact Cars," 4-Cyl, 1.8 Liter",City 26/Hwy 34/Comb 29 MPG, 5," Automatic, 4-Spd w/Overdrive",corolla,7061.0,8185.0,5936.0,140000,5983.0,4725.0,5151.0,5542.0,7794.0,2011
175, Sedan, United States, Japan, 4, FWD, Compact Cars," 4-Cyl, 1.8 Liter",City 26/Hwy 34/Comb 29 MPG, 5," Automatic, 4-Spd w/Overdrive",corolla,6891.0,8015.0,5766.0,150000,5813.0,4555.0,4981.0,5372.0,7624.0,2011
176, Sedan, United States, Japan, 4, FWD, Compact Cars," 4-Cyl, 1.8 Liter",City 26/Hwy 34/Comb 29 MPG, 5," Automatic, 4-Spd w/Overdrive",corolla,6737.0,7861.0,5612.0,160000,5659.0,4401.0,4827.0,5218.0,7470.0,2011
177, Sedan, United States, Japan, 4, FWD, Compact Cars," 4-Cyl, 1.8 Liter",City 26/Hwy 34/Comb 29 MPG, 5," Automatic, 4-Spd w/Overdrive",corolla,6598.0,7722.0,5473.0,170000,5520.0,4262.0,4688.0,5079.0,7331.0,2011
178, Sedan, United States, Japan, 4, FWD, Compact Cars," 4-Cyl, 1.8 Liter",City 26/Hwy 34/Comb 29 MPG, 5," Automatic, 4-Spd w/Overdrive",corolla,6473.0,7597.0,5348.0,180000,5395.0,4137.0,4563.0,4954.0,7206.0,2011
179, Sedan, United States, Japan, 4, FWD, Compact Cars," 4-Cyl, 1.8 Liter",City 26/Hwy 34/Comb 29 MPG, 5," Automatic, 4-Spd w/Overdrive",corolla,6362.0,7486.0,5237.0,190000,5284.0,4026.0,4452.0,4843.0,7095.0,2011
180, Sedan, United States, Japan, 4, FWD, Compact Cars," 4-Cyl, 1.8 Liter",City 26/Hwy 34/Comb 29 MPG, 5," Automatic, 4-Spd w/Overdrive",corolla,6266.0,7390.0,5141.0,200000,5188.0,3930.0,4356.0,4747.0,6999.0,2011
181, Sedan, United States, Japan, 4, FWD, Compact Cars," 4-Cyl, 1.8 Liter",City 26/Hwy 34/Comb 29 MPG, 5," Automatic, 4-Spd w/Overdrive",corolla,6185.0,7309.0,5060.0,210000,5107.0,3849.0,4275.0,4666.0,6918.0,2011
182, Sedan, United States, Japan, 4, FWD, Compact Cars," 4-Cyl, 1.8 Liter",City 26/Hwy 34/Comb 29 MPG, 5," Automatic, 4-Spd w/Overdrive",corolla,6118.0,7242.0,4993.0,220000,5040.0,3782.0,4208.0,4599.0,6851.0,2011
183, Sedan, United States, Japan, 4, FWD, Compact Cars," 4-Cyl, 1.8 Liter",City 26/Hwy 34/Comb 29 MPG, 5," Automatic, 4-Spd w/Overdrive",corolla,6065.0,7189.0,4940.0,230000,4987.0,3729.0,4155.0,4546.0,6798.0,2011
184, Sedan, United States, Japan, 4, FWD, Compact Cars," 4-Cyl, 1.8 Liter",City 26/Hwy 34/Comb 29 MPG, 5," Automatic, 4-Spd",corolla,12008.0,13240.0,10775.0,10000,10726.0,9376.0,9877.0,10297.0,12568.0,2012
185, Sedan, United States, Japan, 4, FWD, Compact Cars," 4-Cyl, 1.8 Liter",City 26/Hwy 34/Comb 29 MPG, 5," Automatic, 4-Spd",corolla,11878.0,13110.0,10645.0,20000,10596.0,9246.0,9747.0,10167.0,12438.0,2012
186, Sedan, United States, Japan, 4, FWD, Compact Cars," 4-Cyl, 1.8 Liter",City 26/Hwy 34/Comb 29 MPG, 5," Automatic, 4-Spd",corolla,11592.0,12824.0,10359.0,30000,10310.0,8960.0,9461.0,9881.0,12152.0,2012
187, Sedan, United States, Japan, 4, FWD, Compact Cars," 4-Cyl, 1.8 Liter",City 26/Hwy 34/Comb 29 MPG, 5," Automatic, 4-Spd",corolla,11244.0,12476.0,10011.0,40000,9962.0,8612.0,9113.0,9533.0,11804.0,2012
188, Sedan, United States, Japan, 4, FWD, Compact Cars," 4-Cyl, 1.8 Liter",City 26/Hwy 34/Comb 29 MPG, 5," Automatic, 4-Spd",corolla,10912.0,12144.0,9679.0,50000,9630.0,8280.0,8781.0,9201.0,11472.0,2012
189, Sedan, United States, Japan, 4, FWD, Compact Cars," 4-Cyl, 1.8 Liter",City 26/Hwy 34/Comb 29 MPG, 5," Automatic, 4-Spd",corolla,10565.0,11797.0,9332.0,60000,9283.0,7933.0,8434.0,8854.0,11125.0,2012
190, Sedan, United States, Japan, 4, FWD, Compact Cars," 4-Cyl, 1.8 Liter",City 26/Hwy 34/Comb 29 MPG, 5," Automatic, 4-Spd",corolla,10211.0,11443.0,8978.0,70000,8929.0,7579.0,8080.0,8500.0,10771.0,2012
191, Sedan, United States, Japan, 4, FWD, Compact Cars," 4-Cyl, 1.8 Liter",City 26/Hwy 34/Comb 29 MPG, 5," Automatic, 4-Spd",corolla,9852.0,11084.0,8619.0,80000,8570.0,7220.0,7721.0,8141.0,10412.0,2012
192, Sedan, United States, Japan, 4, FWD, Compact Cars," 4-Cyl, 1.8 Liter",City 26/Hwy 34/Comb 29 MPG, 5," Automatic, 4-Spd",corolla,9495.0,10727.0,8262.0,90000,8213.0,6863.0,7364.0,7784.0,10055.0,2012
193, Sedan, United States, Japan, 4, FWD, Compact Cars," 4-Cyl, 1.8 Liter",City 26/Hwy 34/Comb 29 MPG, 5," Automatic, 4-Spd",corolla,9151.0,10383.0,7918.0,100000,7869.0,6519.0,7020.0,7440.0,9711.0,2012
194, Sedan, United States, Japan, 4, FWD, Compact Cars," 4-Cyl, 1.8 Liter",City 26/Hwy 34/Comb 29 MPG, 5," Automatic, 4-Spd",corolla,8830.0,10062.0,7597.0,110000,7548.0,6198.0,6699.0,7119.0,9390.0,2012
195, Sedan, United States, Japan, 4, FWD, Compact Cars," 4-Cyl, 1.8 Liter",City 26/Hwy 34/Comb 29 MPG, 5," Automatic, 4-Spd",corolla,8538.0,9770.0,7305.0,120000,7256.0,5906.0,6407.0,6827.0,9098.0,2012
196, Sedan, United States, Japan, 4, FWD, Compact Cars," 4-Cyl, 1.8 Liter",City 26/Hwy 34/Comb 29 MPG, 5," Automatic, 4-Spd",corolla,8278.0,9510.0,7045.0,130000,6996.0,5646.0,6147.0,6567.0,8838.0,2012
197, Sedan, United States, Japan, 4, FWD, Compact Cars," 4-Cyl, 1.8 Liter",City 26/Hwy 34/Comb 29 MPG, 5," Automatic, 4-Spd",corolla,8051.0,9283.0,6818.0,140000,6769.0,5419.0,5920.0,6340.0,8611.0,2012
198, Sedan, United States, Japan, 4, FWD, Compact Cars," 4-Cyl, 1.8 Liter",City 26/Hwy 34/Comb 29 MPG, 5," Automatic, 4-Spd",corolla,7851.0,9083.0,6618.0,150000,6569.0,5219.0,5720.0,6140.0,8411.0,2012
199, Sedan, United States, Japan, 4, FWD, Compact Cars," 4-Cyl, 1.8 Liter",City 26/Hwy 34/Comb 29 MPG, 5," Automatic, 4-Spd",corolla,7670.0,8902.0,6437.0,160000,6388.0,5038.0,5539.0,5959.0,8230.0,2012
200, Sedan, United States, Japan, 4, FWD, Compact Cars," 4-Cyl, 1.8 Liter",City 26/Hwy 34/Comb 29 MPG, 5," Automatic, 4-Spd",corolla,7505.0,8737.0,6272.0,170000,6223.0,4873.0,5374.0,5794.0,8065.0,2012
201, Sedan, United States, Japan, 4, FWD, Compact Cars," 4-Cyl, 1.8 Liter",City 26/Hwy 34/Comb 29 MPG, 5," Automatic, 4-Spd",corolla,7358.0,8590.0,6125.0,180000,6076.0,4726.0,5227.0,5647.0,7918.0,2012
202, Sedan, United States, Japan, 4, FWD, Compact Cars," 4-Cyl, 1.8 Liter",City 26/Hwy 34/Comb 29 MPG, 5," Automatic, 4-Spd",corolla,7228.0,8460.0,5995.0,190000,5946.0,4596.0,5097.0,5517.0,7788.0,2012
203, Sedan, United States, Japan, 4, FWD, Compact Cars," 4-Cyl, 1.8 Liter",City 26/Hwy 34/Comb 29 MPG, 5," Automatic, 4-Spd",corolla,7115.0,8347.0,5882.0,200000,5833.0,4483.0,4984.0,5404.0,7675.0,2012
204, Sedan, United States, Japan, 4, FWD, Compact Cars," 4-Cyl, 1.8 Liter",City 26/Hwy 34/Comb 29 MPG, 5," Automatic, 4-Spd",corolla,7019.0,8251.0,5786.0,210000,5737.0,4387.0,4888.0,5308.0,7579.0,2012
205, Sedan, United States, Japan, 4, FWD, Compact Cars," 4-Cyl, 1.8 Liter",City 26/Hwy 34/Comb 29 MPG, 5," Automatic, 4-Spd",corolla,6940.0,8172.0,5707.0,220000,5658.0,4308.0,4809.0,5229.0,7500.0,2012
206, Sedan, United States, Japan, 4, FWD, Compact Cars," 4-Cyl, 1.8 Liter",City 26/Hwy 34/Comb 29 MPG, 5," Automatic, 4-Spd",corolla,6878.0,8110.0,5645.0,230000,5596.0,4246.0,4747.0,5167.0,7438.0,2012
207, Hatchback, Japan, Japan, 4, FWD, Sub Compact Cars," 4-Cyl, Hybrid, 1.5 Liter",Gas - City 53/Hwy 46/Comb 50 MPG, 5," Automatic, CVT",prius-c,12508.0,13546.0,11469.0,10000,11177.0,9834.0,10316.0,10768.0,12669.0,2012
208, Hatchback, Japan, Japan, 4, FWD, Sub Compact Cars," 4-Cyl, Hybrid, 1.5 Liter",Gas - City 53/Hwy 46/Comb 50 MPG, 5," Automatic, CVT",prius-c,12366.0,13404.0,11327.0,20000,11035.0,9692.0,10174.0,10626.0,12527.0,2012
209, Hatchback, Japan, Japan, 4, FWD, Sub Compact Cars," 4-Cyl, Hybrid, 1.5 Liter",Gas - City 53/Hwy 46/Comb 50 MPG, 5," Automatic, CVT",prius-c,12053.0,13091.0,11014.0,30000,10722.0,9379.0,9861.0,10313.0,12214.0,2012
210, Hatchback, Japan, Japan, 4, FWD, Sub Compact Cars," 4-Cyl, Hybrid, 1.5 Liter",Gas - City 53/Hwy 46/Comb 50 MPG, 5," Automatic, CVT",prius-c,11673.0,12711.0,10634.0,40000,10342.0,8999.0,9481.0,9933.0,11834.0,2012
211, Hatchback, Japan, Japan, 4, FWD, Sub Compact Cars," 4-Cyl, Hybrid, 1.5 Liter",Gas - City 53/Hwy 46/Comb 50 MPG, 5," Automatic, CVT",prius-c,11310.0,12348.0,10271.0,50000,9979.0,8636.0,9118.0,9570.0,11471.0,2012
212, Hatchback, Japan, Japan, 4, FWD, Sub Compact Cars," 4-Cyl, Hybrid, 1.5 Liter",Gas - City 53/Hwy 46/Comb 50 MPG, 5," Automatic, CVT",prius-c,10931.0,11969.0,9892.0,60000,9600.0,8257.0,8739.0,9191.0,11092.0,2012
213, Hatchback, Japan, Japan, 4, FWD, Sub Compact Cars," 4-Cyl, Hybrid, 1.5 Liter",Gas - City 53/Hwy 46/Comb 50 MPG, 5," Automatic, CVT",prius-c,10545.0,11583.0,9506.0,70000,9214.0,7871.0,8353.0,8805.0,10706.0,2012
214, Hatchback, Japan, Japan, 4, FWD, Sub Compact Cars," 4-Cyl, Hybrid, 1.5 Liter",Gas - City 53/Hwy 46/Comb 50 MPG, 5," Automatic, CVT",prius-c,10153.0,11191.0,9114.0,80000,8822.0,7479.0,7961.0,8413.0,10314.0,2012
215, Hatchback, Japan, Japan, 4, FWD, Sub Compact Cars," 4-Cyl, Hybrid, 1.5 Liter",Gas - City 53/Hwy 46/Comb 50 MPG, 5," Automatic, CVT",prius-c,9762.0,10800.0,8723.0,90000,8431.0,7088.0,7570.0,8022.0,9923.0,2012
216, Hatchback, Japan, Japan, 4, FWD, Sub Compact Cars," 4-Cyl, Hybrid, 1.5 Liter",Gas - City 53/Hwy 46/Comb 50 MPG, 5," Automatic, CVT",prius-c,9386.0,10424.0,8347.0,100000,8055.0,6712.0,7194.0,7646.0,9547.0,2012
217, Hatchback, Japan, Japan, 4, FWD, Sub Compact Cars," 4-Cyl, Hybrid, 1.5 Liter",Gas - City 53/Hwy 46/Comb 50 MPG, 5," Automatic, CVT",prius-c,9036.0,10074.0,7997.0,110000,7705.0,6362.0,6844.0,7296.0,9197.0,2012
218, Hatchback, Japan, Japan, 4, FWD, Sub Compact Cars," 4-Cyl, Hybrid, 1.5 Liter",Gas - City 53/Hwy 46/Comb 50 MPG, 5," Automatic, CVT",prius-c,8716.0,9754.0,7677.0,120000,7385.0,6042.0,6524.0,6976.0,8877.0,2012
219, Hatchback, Japan, Japan, 4, FWD, Sub Compact Cars," 4-Cyl, Hybrid, 1.5 Liter",Gas - City 53/Hwy 46/Comb 50 MPG, 5," Automatic, CVT",prius-c,8432.0,9470.0,7393.0,130000,7101.0,5758.0,6240.0,6692.0,8593.0,2012
220, Hatchback, Japan, Japan, 4, FWD, Sub Compact Cars," 4-Cyl, Hybrid, 1.5 Liter",Gas - City 53/Hwy 46/Comb 50 MPG, 5," Automatic, CVT",prius-c,8184.0,9222.0,7145.0,140000,6853.0,5510.0,5992.0,6444.0,8345.0,2012
221, Hatchback, Japan, Japan, 4, FWD, Sub Compact Cars," 4-Cyl, Hybrid, 1.5 Liter",Gas - City 53/Hwy 46/Comb 50 MPG, 5," Automatic, CVT",prius-c,7966.0,9004.0,6927.0,150000,6635.0,5292.0,5774.0,6226.0,8127.0,2012
222, Hatchback, Japan, Japan, 4, FWD, Sub Compact Cars," 4-Cyl, Hybrid, 1.5 Liter",Gas - City 53/Hwy 46/Comb 50 MPG, 5," Automatic, CVT",prius-c,7768.0,8806.0,6729.0,160000,6437.0,5094.0,5576.0,6028.0,7929.0,2012
223, Hatchback, Japan, Japan, 4, FWD, Sub Compact Cars," 4-Cyl, Hybrid, 1.5 Liter",Gas - City 53/Hwy 46/Comb 50 MPG, 5," Automatic, CVT",prius-c,7588.0,8626.0,6549.0,170000,6257.0,4914.0,5396.0,5848.0,7749.0,2012
224, Hatchback, Japan, Japan, 4, FWD, Sub Compact Cars," 4-Cyl, Hybrid, 1.5 Liter",Gas - City 53/Hwy 46/Comb 50 MPG, 5," Automatic, CVT",prius-c,7428.0,8466.0,6389.0,180000,6097.0,4754.0,5236.0,5688.0,7589.0,2012
225, Hatchback, Japan, Japan, 4, FWD, Sub Compact Cars," 4-Cyl, Hybrid, 1.5 Liter",Gas - City 53/Hwy 46/Comb 50 MPG, 5," Automatic, CVT",prius-c,7286.0,8324.0,6247.0,190000,5955.0,4612.0,5094.0,5546.0,7447.0,2012
226, Hatchback, Japan, Japan, 4, FWD, Sub Compact Cars," 4-Cyl, Hybrid, 1.5 Liter",Gas - City 53/Hwy 46/Comb 50 MPG, 5," Automatic, CVT",prius-c,7162.0,8200.0,6123.0,200000,5831.0,4488.0,4970.0,5422.0,7323.0,2012
227, Hatchback, Japan, Japan, 4, FWD, Sub Compact Cars," 4-Cyl, Hybrid, 1.5 Liter",Gas - City 53/Hwy 46/Comb 50 MPG, 5," Automatic, CVT",prius-c,7057.0,8095.0,6018.0,210000,5726.0,4383.0,4865.0,5317.0,7218.0,2012
228, Hatchback, Japan, Japan, 4, FWD, Sub Compact Cars," 4-Cyl, Hybrid, 1.5 Liter",Gas - City 53/Hwy 46/Comb 50 MPG, 5," Automatic, CVT",prius-c,6971.0,8009.0,5932.0,220000,5640.0,4297.0,4779.0,5231.0,7132.0,2012
229, Hatchback, Japan, Japan, 4, FWD, Sub Compact Cars," 4-Cyl, Hybrid, 1.5 Liter",Gas - City 53/Hwy 46/Comb 50 MPG, 5," Automatic, CVT",prius-c,6903.0,7941.0,5864.0,230000,5572.0,4229.0,4711.0,5163.0,7064.0,2012
230, Hatchback, Japan, Japan, 4, FWD, Midsize Cars," 4-Cyl, Hybrid, 1.8 Liter",Gas - City 51/Hwy 48/Comb 50 MPG, 5," Automatic, CVT",prius,12364.0,13290.0,11437.0,10000,11165.0,9558.0,10005.0,10629.0,12628.0,2010
231, Hatchback, Japan, Japan, 4, FWD, Midsize Cars," 4-Cyl, Hybrid, 1.8 Liter",Gas - City 51/Hwy 48/Comb 50 MPG, 5," Automatic, CVT",prius,12294.0,13220.0,11367.0,20000,11095.0,9488.0,9935.0,10559.0,12558.0,2010
232, Hatchback, Japan, Japan, 4, FWD, Midsize Cars," 4-Cyl, Hybrid, 1.8 Liter",Gas - City 51/Hwy 48/Comb 50 MPG, 5," Automatic, CVT",prius,11922.0,12848.0,10995.0,30000,10723.0,9116.0,9563.0,10187.0,12186.0,2010
233, Hatchback, Japan, Japan, 4, FWD, Midsize Cars," 4-Cyl, Hybrid, 1.8 Liter",Gas - City 51/Hwy 48/Comb 50 MPG, 5," Automatic, CVT",prius,11476.0,12402.0,10549.0,40000,10277.0,8670.0,9117.0,9741.0,11740.0,2010
234, Hatchback, Japan, Japan, 4, FWD, Midsize Cars," 4-Cyl, Hybrid, 1.8 Liter",Gas - City 51/Hwy 48/Comb 50 MPG, 5," Automatic, CVT",prius,11049.0,11975.0,10122.0,50000,9850.0,8243.0,8690.0,9314.0,11313.0,2010
235, Hatchback, Japan, Japan, 4, FWD, Midsize Cars," 4-Cyl, Hybrid, 1.8 Liter",Gas - City 51/Hwy 48/Comb 50 MPG, 5," Automatic, CVT",prius,10604.0,11530.0,9677.0,60000,9405.0,7798.0,8245.0,8869.0,10868.0,2010
236, Hatchback, Japan, Japan, 4, FWD, Midsize Cars," 4-Cyl, Hybrid, 1.8 Liter",Gas - City 51/Hwy 48/Comb 50 MPG, 5," Automatic, CVT",prius,10150.0,11076.0,9223.0,70000,8951.0,7344.0,7791.0,8415.0,10414.0,2010
237, Hatchback, Japan, Japan, 4, FWD, Midsize Cars," 4-Cyl, Hybrid, 1.8 Liter",Gas - City 51/Hwy 48/Comb 50 MPG, 5," Automatic, CVT",prius,9691.0,10617.0,8764.0,80000,8492.0,6885.0,7332.0,7956.0,9955.0,2010
238, Hatchback, Japan, Japan, 4, FWD, Midsize Cars," 4-Cyl, Hybrid, 1.8 Liter",Gas - City 51/Hwy 48/Comb 50 MPG, 5," Automatic, CVT",prius,9231.0,10157.0,8304.0,90000,8032.0,6425.0,6872.0,7496.0,9495.0,2010
239, Hatchback, Japan, Japan, 4, FWD, Midsize Cars," 4-Cyl, Hybrid, 1.8 Liter",Gas - City 51/Hwy 48/Comb 50 MPG, 5," Automatic, CVT",prius,8793.0,9719.0,7866.0,100000,7594.0,5987.0,6434.0,7058.0,9057.0,2010
240, Hatchback, Japan, Japan, 4, FWD, Midsize Cars," 4-Cyl, Hybrid, 1.8 Liter",Gas - City 51/Hwy 48/Comb 50 MPG, 5," Automatic, CVT",prius,8385.0,9311.0,7458.0,110000,7186.0,5579.0,6026.0,6650.0,8649.0,2010
241, Hatchback, Japan, Japan, 4, FWD, Midsize Cars," 4-Cyl, Hybrid, 1.8 Liter",Gas - City 51/Hwy 48/Comb 50 MPG, 5," Automatic, CVT",prius,8012.0,8938.0,7085.0,120000,6813.0,5206.0,5653.0,6277.0,8276.0,2010
242, Hatchback, Japan, Japan, 4, FWD, Midsize Cars," 4-Cyl, Hybrid, 1.8 Liter",Gas - City 51/Hwy 48/Comb 50 MPG, 5," Automatic, CVT",prius,7680.0,8606.0,6753.0,130000,6481.0,4874.0,5321.0,5945.0,7944.0,2010
243, Hatchback, Japan, Japan, 4, FWD, Midsize Cars," 4-Cyl, Hybrid, 1.8 Liter",Gas - City 51/Hwy 48/Comb 50 MPG, 5," Automatic, CVT",prius,7392.0,8318.0,6465.0,140000,6193.0,4586.0,5033.0,5657.0,7656.0,2010
244, Hatchback, Japan, Japan, 4, FWD, Midsize Cars," 4-Cyl, Hybrid, 1.8 Liter",Gas - City 51/Hwy 48/Comb 50 MPG, 5," Automatic, CVT",prius,7131.0,8057.0,6204.0,150000,5932.0,4325.0,4772.0,5396.0,7395.0,2010
245, Hatchback, Japan, Japan, 4, FWD, Midsize Cars," 4-Cyl, Hybrid, 1.8 Liter",Gas - City 51/Hwy 48/Comb 50 MPG, 5," Automatic, CVT",prius,6895.0,7821.0,5968.0,160000,5696.0,4089.0,4536.0,5160.0,7159.0,2010
246, Hatchback, Japan, Japan, 4, FWD, Midsize Cars," 4-Cyl, Hybrid, 1.8 Liter",Gas - City 51/Hwy 48/Comb 50 MPG, 5," Automatic, CVT",prius,6680.0,7606.0,5753.0,170000,5481.0,3874.0,4321.0,4945.0,6944.0,2010
247, Hatchback, Japan, Japan, 4, FWD, Midsize Cars," 4-Cyl, Hybrid, 1.8 Liter",Gas - City 51/Hwy 48/Comb 50 MPG, 5," Automatic, CVT",prius,6487.0,7413.0,5560.0,180000,5288.0,3681.0,4128.0,4752.0,6751.0,2010
248, Hatchback, Japan, Japan, 4, FWD, Midsize Cars," 4-Cyl, Hybrid, 1.8 Liter",Gas - City 51/Hwy 48/Comb 50 MPG, 5," Automatic, CVT",prius,6315.0,7241.0,5388.0,190000,5116.0,3509.0,3956.0,4580.0,6579.0,2010
249, Hatchback, Japan, Japan, 4, FWD, Midsize Cars," 4-Cyl, Hybrid, 1.8 Liter",Gas - City 51/Hwy 48/Comb 50 MPG, 5," Automatic, CVT",prius,6166.0,7092.0,5239.0,200000,4967.0,3360.0,3807.0,4431.0,6430.0,2010
250, Hatchback, Japan, Japan, 4, FWD, Midsize Cars," 4-Cyl, Hybrid, 1.8 Liter",Gas - City 51/Hwy 48/Comb 50 MPG, 5," Automatic, CVT",prius,6038.0,6964.0,5111.0,210000,4839.0,3240.0,3679.0,4303.0,6302.0,2010
251, Hatchback, Japan, Japan, 4, FWD, Midsize Cars," 4-Cyl, Hybrid, 1.8 Liter",Gas - City 51/Hwy 48/Comb 50 MPG, 5," Automatic, CVT",prius,5932.0,6858.0,5005.0,220000,4733.0,3240.0,3573.0,4197.0,6196.0,2010
252, Hatchback, Japan, Japan, 4, FWD, Midsize Cars," 4-Cyl, Hybrid, 1.8 Liter",Gas - City 51/Hwy 48/Comb 50 MPG, 5," Automatic, CVT",prius,5847.0,6773.0,4920.0,230000,4648.0,3240.0,3488.0,4112.0,6111.0,2010
253, Hatchback, Japan, Japan, 4, FWD, Midsize Cars," 4-Cyl, Hybrid, 1.8 Liter",Gas - City 51/Hwy 48/Comb 50 MPG, 5," Automatic, CVT",prius,12947.0,13856.0,12037.0,10000,11657.0,10128.0,10608.0,11167.0,13579.0,2011
254, Hatchback, Japan, Japan, 4, FWD, Midsize Cars," 4-Cyl, Hybrid, 1.8 Liter",Gas - City 51/Hwy 48/Comb 50 MPG, 5," Automatic, CVT",prius,12810.0,13719.0,11900.0,20000,11520.0,9991.0,10471.0,11030.0,13442.0,2011
255, Hatchback, Japan, Japan, 4, FWD, Midsize Cars," 4-Cyl, Hybrid, 1.8 Liter",Gas - City 51/Hwy 48/Comb 50 MPG, 5," Automatic, CVT",prius,12439.0,13348.0,11529.0,30000,11149.0,9620.0,10100.0,10659.0,13071.0,2011
256, Hatchback, Japan, Japan, 4, FWD, Midsize Cars," 4-Cyl, Hybrid, 1.8 Liter",Gas - City 51/Hwy 48/Comb 50 MPG, 5," Automatic, CVT",prius,11993.0,12902.0,11083.0,40000,10703.0,9174.0,9654.0,10213.0,12625.0,2011
257, Hatchback, Japan, Japan, 4, FWD, Midsize Cars," 4-Cyl, Hybrid, 1.8 Liter",Gas - City 51/Hwy 48/Comb 50 MPG, 5," Automatic, CVT",prius,11567.0,12476.0,10657.0,50000,10277.0,8748.0,9228.0,9787.0,12199.0,2011
258, Hatchback, Japan, Japan, 4, FWD, Midsize Cars," 4-Cyl, Hybrid, 1.8 Liter",Gas - City 51/Hwy 48/Comb 50 MPG, 5," Automatic, CVT",prius,11123.0,12032.0,10213.0,60000,9833.0,8304.0,8784.0,9343.0,11755.0,2011
259, Hatchback, Japan, Japan, 4, FWD, Midsize Cars," 4-Cyl, Hybrid, 1.8 Liter",Gas - City 51/Hwy 48/Comb 50 MPG, 5," Automatic, CVT",prius,10670.0,11579.0,9760.0,70000,9380.0,7851.0,8331.0,8890.0,11302.0,2011
260, Hatchback, Japan, Japan, 4, FWD, Midsize Cars," 4-Cyl, Hybrid, 1.8 Liter",Gas - City 51/Hwy 48/Comb 50 MPG, 5," Automatic, CVT",prius,10212.0,11121.0,9302.0,80000,8922.0,7393.0,7873.0,8432.0,10844.0,2011
261, Hatchback, Japan, Japan, 4, FWD, Midsize Cars," 4-Cyl, Hybrid, 1.8 Liter",Gas - City 51/Hwy 48/Comb 50 MPG, 5," Automatic, CVT",prius,9753.0,10662.0,8843.0,90000,8463.0,6934.0,7414.0,7973.0,10385.0,2011
262, Hatchback, Japan, Japan, 4, FWD, Midsize Cars," 4-Cyl, Hybrid, 1.8 Liter",Gas - City 51/Hwy 48/Comb 50 MPG, 5," Automatic, CVT",prius,9316.0,10225.0,8406.0,100000,8026.0,6497.0,6977.0,7536.0,9948.0,2011
263, Hatchback, Japan, Japan, 4, FWD, Midsize Cars," 4-Cyl, Hybrid, 1.8 Liter",Gas - City 51/Hwy 48/Comb 50 MPG, 5," Automatic, CVT",prius,8908.0,9817.0,7998.0,110000,7618.0,6089.0,6569.0,7128.0,9540.0,2011
264, Hatchback, Japan, Japan, 4, FWD, Midsize Cars," 4-Cyl, Hybrid, 1.8 Liter",Gas - City 51/Hwy 48/Comb 50 MPG, 5," Automatic, CVT",prius,8536.0,9445.0,7626.0,120000,7246.0,5717.0,6197.0,6756.0,9168.0,2011
265, Hatchback, Japan, Japan, 4, FWD, Midsize Cars," 4-Cyl, Hybrid, 1.8 Liter",Gas - City 51/Hwy 48/Comb 50 MPG, 5," Automatic, CVT",prius,8205.0,9114.0,7295.0,130000,6915.0,5386.0,5866.0,6425.0,8837.0,2011
266, Hatchback, Japan, Japan, 4, FWD, Midsize Cars," 4-Cyl, Hybrid, 1.8 Liter",Gas - City 51/Hwy 48/Comb 50 MPG, 5," Automatic, CVT",prius,7917.0,8826.0,7007.0,140000,6627.0,5098.0,5578.0,6137.0,8549.0,2011
267, Hatchback, Japan, Japan, 4, FWD, Midsize Cars," 4-Cyl, Hybrid, 1.8 Liter",Gas - City 51/Hwy 48/Comb 50 MPG, 5," Automatic, CVT",prius,7657.0,8566.0,6747.0,150000,6367.0,4838.0,5318.0,5877.0,8289.0,2011
268, Hatchback, Japan, Japan, 4, FWD, Midsize Cars," 4-Cyl, Hybrid, 1.8 Liter",Gas - City 51/Hwy 48/Comb 50 MPG, 5," Automatic, CVT",prius,7421.0,8330.0,6511.0,160000,6131.0,4602.0,5082.0,5641.0,8053.0,2011
269, Hatchback, Japan, Japan, 4, FWD, Midsize Cars," 4-Cyl, Hybrid, 1.8 Liter",Gas - City 51/Hwy 48/Comb 50 MPG, 5," Automatic, CVT",prius,7206.0,8115.0,6296.0,170000,5916.0,4387.0,4867.0,5426.0,7838.0,2011
270, Hatchback, Japan, Japan, 4, FWD, Midsize Cars," 4-Cyl, Hybrid, 1.8 Liter",Gas - City 51/Hwy 48/Comb 50 MPG, 5," Automatic, CVT",prius,7014.0,7923.0,6104.0,180000,5724.0,4195.0,4675.0,5234.0,7646.0,2011
271, Hatchback, Japan, Japan, 4, FWD, Midsize Cars," 4-Cyl, Hybrid, 1.8 Liter",Gas - City 51/Hwy 48/Comb 50 MPG, 5," Automatic, CVT",prius,6842.0,7751.0,5932.0,190000,5552.0,4023.0,4503.0,5062.0,7474.0,2011
272, Hatchback, Japan, Japan, 4, FWD, Midsize Cars," 4-Cyl, Hybrid, 1.8 Liter",Gas - City 51/Hwy 48/Comb 50 MPG, 5," Automatic, CVT",prius,6693.0,7602.0,5783.0,200000,5403.0,3874.0,4354.0,4913.0,7325.0,2011
273, Hatchback, Japan, Japan, 4, FWD, Midsize Cars," 4-Cyl, Hybrid, 1.8 Liter",Gas - City 51/Hwy 48/Comb 50 MPG, 5," Automatic, CVT",prius,6565.0,7474.0,5655.0,210000,5275.0,3746.0,4226.0,4785.0,7197.0,2011
274, Hatchback, Japan, Japan, 4, FWD, Midsize Cars," 4-Cyl, Hybrid, 1.8 Liter",Gas - City 51/Hwy 48/Comb 50 MPG, 5," Automatic, CVT",prius,6459.0,7368.0,5549.0,220000,5169.0,3640.0,4120.0,4679.0,7091.0,2011
275, Hatchback, Japan, Japan, 4, FWD, Midsize Cars," 4-Cyl, Hybrid, 1.8 Liter",Gas - City 51/Hwy 48/Comb 50 MPG, 5," Automatic, CVT",prius,6375.0,7284.0,5465.0,230000,5085.0,3556.0,4036.0,4595.0,7007.0,2011
276, Hatchback, Japan, Japan, 4, FWD, Midsize Cars," 4-Cyl, Hybrid, 1.8 Liter",Gas - City 51/Hwy 48/Comb 50 MPG, 5," Automatic, CVT",prius,14372.0,15299.0,13444.0,10000,13287.0,11745.0,12298.0,12818.0,15006.0,2012
277, Hatchback, Japan, Japan, 4, FWD, Midsize Cars," 4-Cyl, Hybrid, 1.8 Liter",Gas - City 51/Hwy 48/Comb 50 MPG, 5," Automatic, CVT",prius,14133.0,15060.0,13205.0,20000,13048.0,11506.0,12059.0,12579.0,14767.0,2012
278, Hatchback, Japan, Japan, 4, FWD, Midsize Cars," 4-Cyl, Hybrid, 1.8 Liter",Gas - City 51/Hwy 48/Comb 50 MPG, 5," Automatic, CVT",prius,13695.0,14622.0,12767.0,30000,12610.0,11068.0,11621.0,12141.0,14329.0,2012
279, Hatchback, Japan, Japan, 4, FWD, Midsize Cars," 4-Cyl, Hybrid, 1.8 Liter",Gas - City 51/Hwy 48/Comb 50 MPG, 5," Automatic, CVT",prius,13171.0,14098.0,12243.0,40000,12086.0,10544.0,11097.0,11617.0,13805.0,2012
280, Hatchback, Japan, Japan, 4, FWD, Midsize Cars," 4-Cyl, Hybrid, 1.8 Liter",Gas - City 51/Hwy 48/Comb 50 MPG, 5," Automatic, CVT",prius,12669.0,13596.0,11741.0,50000,11584.0,10042.0,10595.0,11115.0,13303.0,2012
281, Hatchback, Japan, Japan, 4, FWD, Midsize Cars," 4-Cyl, Hybrid, 1.8 Liter",Gas - City 51/Hwy 48/Comb 50 MPG, 5," Automatic, CVT",prius,12146.0,13073.0,11218.0,60000,11061.0,9519.0,10072.0,10592.0,12780.0,2012
282, Hatchback, Japan, Japan, 4, FWD, Midsize Cars," 4-Cyl, Hybrid, 1.8 Liter",Gas - City 51/Hwy 48/Comb 50 MPG, 5," Automatic, CVT",prius,11613.0,12540.0,10685.0,70000,10528.0,8986.0,9539.0,10059.0,12247.0,2012
283, Hatchback, Japan, Japan, 4, FWD, Midsize Cars," 4-Cyl, Hybrid, 1.8 Liter",Gas - City 51/Hwy 48/Comb 50 MPG, 5," Automatic, CVT",prius,11073.0,12000.0,10145.0,80000,9988.0,8446.0,8999.0,9519.0,11707.0,2012
284, Hatchback, Japan, Japan, 4, FWD, Midsize Cars," 4-Cyl, Hybrid, 1.8 Liter",Gas - City 51/Hwy 48/Comb 50 MPG, 5," Automatic, CVT",prius,10532.0,11459.0,9604.0,90000,9447.0,7905.0,8458.0,8978.0,11166.0,2012
285, Hatchback, Japan, Japan, 4, FWD, Midsize Cars," 4-Cyl, Hybrid, 1.8 Liter",Gas - City 51/Hwy 48/Comb 50 MPG, 5," Automatic, CVT",prius,10017.0,10944.0,9089.0,100000,8932.0,7390.0,7943.0,8463.0,10651.0,2012
286, Hatchback, Japan, Japan, 4, FWD, Midsize Cars," 4-Cyl, Hybrid, 1.8 Liter",Gas - City 51/Hwy 48/Comb 50 MPG, 5," Automatic, CVT",prius,9537.0,10464.0,8609.0,110000,8452.0,6910.0,7463.0,7983.0,10171.0,2012
287, Hatchback, Japan, Japan, 4, FWD, Midsize Cars," 4-Cyl, Hybrid, 1.8 Liter",Gas - City 51/Hwy 48/Comb 50 MPG, 5," Automatic, CVT",prius,9099.0,10026.0,8171.0,120000,8014.0,6472.0,7025.0,7545.0,9733.0,2012
288, Hatchback, Japan, Japan, 4, FWD, Midsize Cars," 4-Cyl, Hybrid, 1.8 Liter",Gas - City 51/Hwy 48/Comb 50 MPG, 5," Automatic, CVT",prius,8709.0,9636.0,7781.0,130000,7624.0,6082.0,6635.0,7155.0,9343.0,2012
289, Hatchback, Japan, Japan, 4, FWD, Midsize Cars," 4-Cyl, Hybrid, 1.8 Liter",Gas - City 51/Hwy 48/Comb 50 MPG, 5," Automatic, CVT",prius,8370.0,9297.0,7442.0,140000,7285.0,5743.0,6296.0,6816.0,9004.0,2012
290, Hatchback, Japan, Japan, 4, FWD, Midsize Cars," 4-Cyl, Hybrid, 1.8 Liter",Gas - City 51/Hwy 48/Comb 50 MPG, 5," Automatic, CVT",prius,8064.0,8991.0,7136.0,150000,6979.0,5437.0,5990.0,6510.0,8698.0,2012
291, Hatchback, Japan, Japan, 4, FWD, Midsize Cars," 4-Cyl, Hybrid, 1.8 Liter",Gas - City 51/Hwy 48/Comb 50 MPG, 5," Automatic, CVT",prius,7786.0,8713.0,6858.0,160000,6701.0,5159.0,5712.0,6232.0,8420.0,2012
292, Hatchback, Japan, Japan, 4, FWD, Midsize Cars," 4-Cyl, Hybrid, 1.8 Liter",Gas - City 51/Hwy 48/Comb 50 MPG, 5," Automatic, CVT",prius,7533.0,8460.0,6605.0,170000,6448.0,4906.0,5459.0,5979.0,8167.0,2012
293, Hatchback, Japan, Japan, 4, FWD, Midsize Cars," 4-Cyl, Hybrid, 1.8 Liter",Gas - City 51/Hwy 48/Comb 50 MPG, 5," Automatic, CVT",prius,7306.0,8233.0,6378.0,180000,6221.0,4679.0,5232.0,5752.0,7940.0,2012
294, Hatchback, Japan, Japan, 4, FWD, Midsize Cars," 4-Cyl, Hybrid, 1.8 Liter",Gas - City 51/Hwy 48/Comb 50 MPG, 5," Automatic, CVT",prius,7105.0,8032.0,6177.0,190000,6020.0,4478.0,5031.0,5551.0,7739.0,2012
295, Hatchback, Japan, Japan, 4, FWD, Midsize Cars," 4-Cyl, Hybrid, 1.8 Liter",Gas - City 51/Hwy 48/Comb 50 MPG, 5," Automatic, CVT",prius,6929.0,7856.0,6001.0,200000,5844.0,4302.0,4855.0,5375.0,7563.0,2012
296, Hatchback, Japan, Japan, 4, FWD, Midsize Cars," 4-Cyl, Hybrid, 1.8 Liter",Gas - City 51/Hwy 48/Comb 50 MPG, 5," Automatic, CVT",prius,6778.0,7705.0,5850.0,210000,5693.0,4151.0,4704.0,5224.0,7412.0,2012
297, Hatchback, Japan, Japan, 4, FWD, Midsize Cars," 4-Cyl, Hybrid, 1.8 Liter",Gas - City 51/Hwy 48/Comb 50 MPG, 5," Automatic, CVT",prius,6654.0,7581.0,5726.0,220000,5569.0,4027.0,4580.0,5100.0,7288.0,2012
298, Hatchback, Japan, Japan, 4, FWD, Midsize Cars," 4-Cyl, Hybrid, 1.8 Liter",Gas - City 51/Hwy 48/Comb 50 MPG, 5," Automatic, CVT",prius,6554.0,7481.0,5626.0,230000,5469.0,3927.0,4480.0,5000.0,7188.0,2012
299, Sedan, Korea, Korea, 4, FWD, Midsize Cars," 4-Cyl, 2.0 Liter",City 26/Hwy 34/Comb 29 MPG, 5," Automatic, 4-Spd w/Overdrive",elantra,9316.0,10036.0,8595.0,10000,8195.0,7061.0,7411.0,7763.0,9743.0,2010
300, Sedan, Korea, Korea, 4, FWD, Midsize Cars," 4-Cyl, 2.0 Liter",City 26/Hwy 34/Comb 29 MPG, 5," Automatic, 4-Spd w/Overdrive",elantra,9251.0,9971.0,8530.0,20000,8130.0,6996.0,7346.0,7698.0,9678.0,2010
301, Sedan, Korea, Korea, 4, FWD, Midsize Cars," 4-Cyl, 2.0 Liter",City 26/Hwy 34/Comb 29 MPG, 5," Automatic, 4-Spd w/Overdrive",elantra,8973.0,9693.0,8252.0,30000,7852.0,6718.0,7068.0,7420.0,9400.0,2010
302, Sedan, Korea, Korea, 4, FWD, Midsize Cars," 4-Cyl, 2.0 Liter",City 26/Hwy 34/Comb 29 MPG, 5," Automatic, 4-Spd w/Overdrive",elantra,8638.0,9358.0,7917.0,40000,7517.0,6383.0,6733.0,7085.0,9065.0,2010
303, Sedan, Korea, Korea, 4, FWD, Midsize Cars," 4-Cyl, 2.0 Liter",City 26/Hwy 34/Comb 29 MPG, 5," Automatic, 4-Spd w/Overdrive",elantra,8318.0,9038.0,7597.0,50000,7197.0,6063.0,6413.0,6765.0,8745.0,2010
304, Sedan, Korea, Korea, 4, FWD, Midsize Cars," 4-Cyl, 2.0 Liter",City 26/Hwy 34/Comb 29 MPG, 5," Automatic, 4-Spd w/Overdrive",elantra,7983.0,8703.0,7262.0,60000,6862.0,5728.0,6078.0,6430.0,8410.0,2010
305, Sedan, Korea, Korea, 4, FWD, Midsize Cars," 4-Cyl, 2.0 Liter",City 26/Hwy 34/Comb 29 MPG, 5," Automatic, 4-Spd w/Overdrive",elantra,7640.0,8360.0,6919.0,70000,6519.0,5385.0,5735.0,6087.0,8067.0,2010
306, Sedan, Korea, Korea, 4, FWD, Midsize Cars," 4-Cyl, 2.0 Liter",City 26/Hwy 34/Comb 29 MPG, 5," Automatic, 4-Spd w/Overdrive",elantra,7291.0,8011.0,6570.0,80000,6170.0,5036.0,5386.0,5738.0,7718.0,2010
307, Sedan, Korea, Korea, 4, FWD, Midsize Cars," 4-Cyl, 2.0 Liter",City 26/Hwy 34/Comb 29 MPG, 5," Automatic, 4-Spd w/Overdrive",elantra,6939.0,7659.0,6218.0,90000,5818.0,4684.0,5034.0,5386.0,7366.0,2010
308, Sedan, Korea, Korea, 4, FWD, Midsize Cars," 4-Cyl, 2.0 Liter",City 26/Hwy 34/Comb 29 MPG, 5," Automatic, 4-Spd w/Overdrive",elantra,6598.0,7318.0,5877.0,100000,5477.0,4343.0,4693.0,5045.0,7025.0,2010
309, Sedan, Korea, Korea, 4, FWD, Midsize Cars," 4-Cyl, 2.0 Liter",City 26/Hwy 34/Comb 29 MPG, 5," Automatic, 4-Spd w/Overdrive",elantra,6277.0,6997.0,5556.0,110000,5156.0,4022.0,4372.0,4724.0,6704.0,2010
310, Sedan, Korea, Korea, 4, FWD, Midsize Cars," 4-Cyl, 2.0 Liter",City 26/Hwy 34/Comb 29 MPG, 5," Automatic, 4-Spd w/Overdrive",elantra,5984.0,6704.0,5263.0,120000,4863.0,3729.0,4079.0,4431.0,6411.0,2010
311, Sedan, Korea, Korea, 4, FWD, Midsize Cars," 4-Cyl, 2.0 Liter",City 26/Hwy 34/Comb 29 MPG, 5," Automatic, 4-Spd w/Overdrive",elantra,5722.0,6442.0,5001.0,130000,4601.0,3467.0,3817.0,4169.0,6149.0,2010
312, Sedan, Korea, Korea, 4, FWD, Midsize Cars," 4-Cyl, 2.0 Liter",City 26/Hwy 34/Comb 29 MPG, 5," Automatic, 4-Spd w/Overdrive",elantra,5496.0,6216.0,4775.0,140000,4375.0,3241.0,3591.0,3943.0,5923.0,2010
313, Sedan, Korea, Korea, 4, FWD, Midsize Cars," 4-Cyl, 2.0 Liter",City 26/Hwy 34/Comb 29 MPG, 5," Automatic, 4-Spd w/Overdrive",elantra,5296.0,6016.0,4575.0,150000,4175.0,3041.0,3391.0,3743.0,5723.0,2010
314, Sedan, Korea, Korea, 4, FWD, Midsize Cars," 4-Cyl, 2.0 Liter",City 26/Hwy 34/Comb 29 MPG, 5," Automatic, 4-Spd w/Overdrive",elantra,5118.0,5838.0,4397.0,160000,3997.0,2863.0,3213.0,3565.0,5545.0,2010
315, Sedan, Korea, Korea, 4, FWD, Midsize Cars," 4-Cyl, 2.0 Liter",City 26/Hwy 34/Comb 29 MPG, 5," Automatic, 4-Spd w/Overdrive",elantra,4957.0,5677.0,4236.0,170000,3836.0,2702.0,3052.0,3404.0,5384.0,2010
316, Sedan, Korea, Korea, 4, FWD, Midsize Cars," 4-Cyl, 2.0 Liter",City 26/Hwy 34/Comb 29 MPG, 5," Automatic, 4-Spd w/Overdrive",elantra,4812.0,5532.0,4091.0,180000,3691.0,2557.0,2907.0,3259.0,5239.0,2010
317, Sedan, Korea, Korea, 4, FWD, Midsize Cars," 4-Cyl, 2.0 Liter",City 26/Hwy 34/Comb 29 MPG, 5," Automatic, 4-Spd w/Overdrive",elantra,4685.0,5405.0,3964.0,190000,3564.0,2463.0,2780.0,3132.0,5112.0,2010
318, Sedan, Korea, Korea, 4, FWD, Midsize Cars," 4-Cyl, 2.0 Liter",City 26/Hwy 34/Comb 29 MPG, 5," Automatic, 4-Spd w/Overdrive",elantra,4574.0,5294.0,3853.0,200000,3453.0,2463.0,2669.0,3021.0,5001.0,2010
319, Sedan, Korea, Korea, 4, FWD, Midsize Cars," 4-Cyl, 2.0 Liter",City 26/Hwy 34/Comb 29 MPG, 5," Automatic, 4-Spd w/Overdrive",elantra,4481.0,5201.0,3760.0,210000,3360.0,2463.0,2638.0,2928.0,4908.0,2010
320, Sedan, Korea, Korea, 4, FWD, Midsize Cars," 4-Cyl, 2.0 Liter",City 26/Hwy 34/Comb 29 MPG, 5," Automatic, 4-Spd w/Overdrive",elantra,4405.0,5125.0,3684.0,220000,3284.0,2463.0,2638.0,2852.0,4832.0,2010
321, Sedan, Korea, Korea, 4, FWD, Midsize Cars," 4-Cyl, 2.0 Liter",City 26/Hwy 34/Comb 29 MPG, 5," Automatic, 4-Spd w/Overdrive",elantra,4345.0,5065.0,3624.0,230000,3224.0,2463.0,2638.0,2814.0,4772.0,2010
322, Sedan, Korea, Korea, 4, FWD, Midsize Cars," 4-Cyl, 1.8 Liter",City 28/Hwy 38/Comb 32 MPG, 5," Automatic, 6-Spd w/Overdrive & Shiftronic",elantra,10765.0,11556.0,9973.0,10000,9623.0,8386.0,8805.0,9189.0,11198.0,2011
323, Sedan, Korea, Korea, 4, FWD, Midsize Cars," 4-Cyl, 1.8 Liter",City 28/Hwy 38/Comb 32 MPG, 5," Automatic, 6-Spd w/Overdrive & Shiftronic",elantra,10612.0,11403.0,9820.0,20000,9470.0,8233.0,8652.0,9036.0,11045.0,2011
324, Sedan, Korea, Korea, 4, FWD, Midsize Cars," 4-Cyl, 1.8 Liter",City 28/Hwy 38/Comb 32 MPG, 5," Automatic, 6-Spd w/Overdrive & Shiftronic",elantra,10279.0,11070.0,9487.0,30000,9137.0,7900.0,8319.0,8703.0,10712.0,2011
325, Sedan, Korea, Korea, 4, FWD, Midsize Cars," 4-Cyl, 1.8 Liter",City 28/Hwy 38/Comb 32 MPG, 5," Automatic, 6-Spd w/Overdrive & Shiftronic",elantra,9878.0,10669.0,9086.0,40000,8736.0,7499.0,7918.0,8302.0,10311.0,2011
326, Sedan, Korea, Korea, 4, FWD, Midsize Cars," 4-Cyl, 1.8 Liter",City 28/Hwy 38/Comb 32 MPG, 5," Automatic, 6-Spd w/Overdrive & Shiftronic",elantra,9495.0,10286.0,8703.0,50000,8353.0,7116.0,7535.0,7919.0,9928.0,2011
327, Sedan, Korea, Korea, 4, FWD, Midsize Cars," 4-Cyl, 1.8 Liter",City 28/Hwy 38/Comb 32 MPG, 5," Automatic, 6-Spd w/Overdrive & Shiftronic",elantra,9094.0,9885.0,8302.0,60000,7952.0,6715.0,7134.0,7518.0,9527.0,2011
328, Sedan, Korea, Korea, 4, FWD, Midsize Cars," 4-Cyl, 1.8 Liter",City 28/Hwy 38/Comb 32 MPG, 5," Automatic, 6-Spd w/Overdrive & Shiftronic",elantra,8683.0,9474.0,7891.0,70000,7541.0,6304.0,6723.0,7107.0,9116.0,2011
329, Sedan, Korea, Korea, 4, FWD, Midsize Cars," 4-Cyl, 1.8 Liter",City 28/Hwy 38/Comb 32 MPG, 5," Automatic, 6-Spd w/Overdrive & Shiftronic",elantra,8266.0,9057.0,7474.0,80000,7124.0,5887.0,6306.0,6690.0,8699.0,2011
330, Sedan, Korea, Korea, 4, FWD, Midsize Cars," 4-Cyl, 1.8 Liter",City 28/Hwy 38/Comb 32 MPG, 5," Automatic, 6-Spd w/Overdrive & Shiftronic",elantra,7844.0,8635.0,7052.0,90000,6702.0,5465.0,5884.0,6268.0,8277.0,2011
331, Sedan, Korea, Korea, 4, FWD, Midsize Cars," 4-Cyl, 1.8 Liter",City 28/Hwy 38/Comb 32 MPG, 5," Automatic, 6-Spd w/Overdrive & Shiftronic",elantra,7435.0,8226.0,6643.0,100000,6293.0,5056.0,5475.0,5859.0,7868.0,2011
332, Sedan, Korea, Korea, 4, FWD, Midsize Cars," 4-Cyl, 1.8 Liter",City 28/Hwy 38/Comb 32 MPG, 5," Automatic, 6-Spd w/Overdrive & Shiftronic",elantra,7051.0,7842.0,6259.0,110000,5909.0,4672.0,5091.0,5475.0,7484.0,2011
333, Sedan, Korea, Korea, 4, FWD, Midsize Cars," 4-Cyl, 1.8 Liter",City 28/Hwy 38/Comb 32 MPG, 5," Automatic, 6-Spd w/Overdrive & Shiftronic",elantra,6700.0,7491.0,5908.0,120000,5558.0,4321.0,4740.0,5124.0,7133.0,2011
334, Sedan, Korea, Korea, 4, FWD, Midsize Cars," 4-Cyl, 1.8 Liter",City 28/Hwy 38/Comb 32 MPG, 5," Automatic, 6-Spd w/Overdrive & Shiftronic",elantra,6386.0,7177.0,5594.0,130000,5244.0,4007.0,4426.0,4810.0,6819.0,2011
335, Sedan, Korea, Korea, 4, FWD, Midsize Cars," 4-Cyl, 1.8 Liter",City 28/Hwy 38/Comb 32 MPG, 5," Automatic, 6-Spd w/Overdrive & Shiftronic",elantra,6116.0,6907.0,5324.0,140000,4974.0,3737.0,4156.0,4540.0,6549.0,2011
336, Sedan, Korea, Korea, 4, FWD, Midsize Cars," 4-Cyl, 1.8 Liter",City 28/Hwy 38/Comb 32 MPG, 5," Automatic, 6-Spd w/Overdrive & Shiftronic",elantra,5877.0,6668.0,5085.0,150000,4735.0,3498.0,3917.0,4301.0,6310.0,2011
337, Sedan, Korea, Korea, 4, FWD, Midsize Cars," 4-Cyl, 1.8 Liter",City 28/Hwy 38/Comb 32 MPG, 5," Automatic, 6-Spd w/Overdrive & Shiftronic",elantra,5663.0,6454.0,4871.0,160000,4521.0,3284.0,3703.0,4087.0,6096.0,2011
338, Sedan, Korea, Korea, 4, FWD, Midsize Cars," 4-Cyl, 1.8 Liter",City 28/Hwy 38/Comb 32 MPG, 5," Automatic, 6-Spd w/Overdrive & Shiftronic",elantra,5470.0,6261.0,4678.0,170000,4328.0,3091.0,3510.0,3894.0,5903.0,2011
339, Sedan, Korea, Korea, 4, FWD, Midsize Cars," 4-Cyl, 1.8 Liter",City 28/Hwy 38/Comb 32 MPG, 5," Automatic, 6-Spd w/Overdrive & Shiftronic",elantra,5297.0,6088.0,4505.0,180000,4155.0,2918.0,3337.0,3721.0,5730.0,2011
340, Sedan, Korea, Korea, 4, FWD, Midsize Cars," 4-Cyl, 1.8 Liter",City 28/Hwy 38/Comb 32 MPG, 5," Automatic, 6-Spd w/Overdrive & Shiftronic",elantra,5145.0,5936.0,4353.0,190000,4003.0,2766.0,3185.0,3569.0,5578.0,2011
341, Sedan, Korea, Korea, 4, FWD, Midsize Cars," 4-Cyl, 1.8 Liter",City 28/Hwy 38/Comb 32 MPG, 5," Automatic, 6-Spd w/Overdrive & Shiftronic",elantra,5013.0,5804.0,4221.0,200000,3871.0,2634.0,3053.0,3437.0,5446.0,2011
342, Sedan, Korea, Korea, 4, FWD, Midsize Cars," 4-Cyl, 1.8 Liter",City 28/Hwy 38/Comb 32 MPG, 5," Automatic, 6-Spd w/Overdrive & Shiftronic",elantra,4901.0,5692.0,4109.0,210000,3759.0,2522.0,2941.0,3325.0,5334.0,2011
343, Sedan, Korea, Korea, 4, FWD, Midsize Cars," 4-Cyl, 1.8 Liter",City 28/Hwy 38/Comb 32 MPG, 5," Automatic, 6-Spd w/Overdrive & Shiftronic",elantra,4809.0,5600.0,4017.0,220000,3667.0,2430.0,2849.0,3233.0,5242.0,2011
344, Sedan, Korea, Korea, 4, FWD, Midsize Cars," 4-Cyl, 1.8 Liter",City 28/Hwy 38/Comb 32 MPG, 5," Automatic, 6-Spd w/Overdrive & Shiftronic",elantra,4738.0,5529.0,3946.0,230000,3596.0,2359.0,2778.0,3162.0,5171.0,2011
345, Sedan, Korea, Korea, 4, FWD, Midsize Cars," 4-Cyl, 1.8 Liter",City 28/Hwy 38/Comb 32 MPG, 5, Auto 6-Spd w/OD & Shftrnc,elantra,11369.0,12197.0,10540.0,10000,10133.0,8907.0,9362.0,9743.0,11634.0,2012
346, Sedan, Korea, Korea, 4, FWD, Midsize Cars," 4-Cyl, 1.8 Liter",City 28/Hwy 38/Comb 32 MPG, 5, Auto 6-Spd w/OD & Shftrnc,elantra,11159.0,11987.0,10330.0,20000,9923.0,8697.0,9152.0,9533.0,11424.0,2012
347, Sedan, Korea, Korea, 4, FWD, Midsize Cars," 4-Cyl, 1.8 Liter",City 28/Hwy 38/Comb 32 MPG, 5, Auto 6-Spd w/OD & Shftrnc,elantra,10804.0,11632.0,9975.0,30000,9568.0,8342.0,8797.0,9178.0,11069.0,2012
348, Sedan, Korea, Korea, 4, FWD, Midsize Cars," 4-Cyl, 1.8 Liter",City 28/Hwy 38/Comb 32 MPG, 5, Auto 6-Spd w/OD & Shftrnc,elantra,10378.0,11206.0,9549.0,40000,9142.0,7916.0,8371.0,8752.0,10643.0,2012
349, Sedan, Korea, Korea, 4, FWD, Midsize Cars," 4-Cyl, 1.8 Liter",City 28/Hwy 38/Comb 32 MPG, 5, Auto 6-Spd w/OD & Shftrnc,elantra,9969.0,10797.0,9140.0,50000,8733.0,7507.0,7962.0,8343.0,10234.0,2012
350, Sedan, Korea, Korea, 4, FWD, Midsize Cars," 4-Cyl, 1.8 Liter",City 28/Hwy 38/Comb 32 MPG, 5, Auto 6-Spd w/OD & Shftrnc,elantra,9542.0,10370.0,8713.0,60000,8306.0,7080.0,7535.0,7916.0,9807.0,2012
351, Sedan, Korea, Korea, 4, FWD, Midsize Cars," 4-Cyl, 1.8 Liter",City 28/Hwy 38/Comb 32 MPG, 5, Auto 6-Spd w/OD & Shftrnc,elantra,9105.0,9933.0,8276.0,70000,7869.0,6643.0,7098.0,7479.0,9370.0,2012
352, Sedan, Korea, Korea, 4, FWD, Midsize Cars," 4-Cyl, 1.8 Liter",City 28/Hwy 38/Comb 32 MPG, 5, Auto 6-Spd w/OD & Shftrnc,elantra,8660.0,9488.0,7831.0,80000,7424.0,6198.0,6653.0,7034.0,8925.0,2012
353, Sedan, Korea, Korea, 4, FWD, Midsize Cars," 4-Cyl, 1.8 Liter",City 28/Hwy 38/Comb 32 MPG, 5, Auto 6-Spd w/OD & Shftrnc,elantra,8210.0,9038.0,7381.0,90000,6974.0,5748.0,6203.0,6584.0,8475.0,2012
354, Sedan, Korea, Korea, 4, FWD, Midsize Cars," 4-Cyl, 1.8 Liter",City 28/Hwy 38/Comb 32 MPG, 5, Auto 6-Spd w/OD & Shftrnc,elantra,7775.0,8603.0,6946.0,100000,6539.0,5313.0,5768.0,6149.0,8040.0,2012
355, Sedan, Korea, Korea, 4, FWD, Midsize Cars," 4-Cyl, 1.8 Liter",City 28/Hwy 38/Comb 32 MPG, 5, Auto 6-Spd w/OD & Shftrnc,elantra,7365.0,8193.0,6536.0,110000,6129.0,4903.0,5358.0,5739.0,7630.0,2012
356, Sedan, Korea, Korea, 4, FWD, Midsize Cars," 4-Cyl, 1.8 Liter",City 28/Hwy 38/Comb 32 MPG, 5, Auto 6-Spd w/OD & Shftrnc,elantra,6991.0,7819.0,6162.0,120000,5755.0,4529.0,4984.0,5365.0,7256.0,2012
357, Sedan, Korea, Korea, 4, FWD, Midsize Cars," 4-Cyl, 1.8 Liter",City 28/Hwy 38/Comb 32 MPG, 5, Auto 6-Spd w/OD & Shftrnc,elantra,6657.0,7485.0,5828.0,130000,5421.0,4195.0,4650.0,5031.0,6922.0,2012
358, Sedan, Korea, Korea, 4, FWD, Midsize Cars," 4-Cyl, 1.8 Liter",City 28/Hwy 38/Comb 32 MPG, 5, Auto 6-Spd w/OD & Shftrnc,elantra,6369.0,7197.0,5540.0,140000,5133.0,3907.0,4362.0,4743.0,6634.0,2012
359, Sedan, Korea, Korea, 4, FWD, Midsize Cars," 4-Cyl, 1.8 Liter",City 28/Hwy 38/Comb 32 MPG, 5, Auto 6-Spd w/OD & Shftrnc,elantra,6114.0,6942.0,5285.0,150000,4878.0,3652.0,4107.0,4488.0,6379.0,2012
360, Sedan, Korea, Korea, 4, FWD, Midsize Cars," 4-Cyl, 1.8 Liter",City 28/Hwy 38/Comb 32 MPG, 5, Auto 6-Spd w/OD & Shftrnc,elantra,5887.0,6715.0,5058.0,160000,4651.0,3425.0,3880.0,4261.0,6152.0,2012
361, Sedan, Korea, Korea, 4, FWD, Midsize Cars," 4-Cyl, 1.8 Liter",City 28/Hwy 38/Comb 32 MPG, 5, Auto 6-Spd w/OD & Shftrnc,elantra,5681.0,6509.0,4852.0,170000,4445.0,3219.0,3674.0,4055.0,5946.0,2012
362, Sedan, Korea, Korea, 4, FWD, Midsize Cars," 4-Cyl, 1.8 Liter",City 28/Hwy 38/Comb 32 MPG, 5, Auto 6-Spd w/OD & Shftrnc,elantra,5497.0,6325.0,4668.0,180000,4261.0,3035.0,3490.0,3871.0,5762.0,2012
363, Sedan, Korea, Korea, 4, FWD, Midsize Cars," 4-Cyl, 1.8 Liter",City 28/Hwy 38/Comb 32 MPG, 5, Auto 6-Spd w/OD & Shftrnc,elantra,5334.0,6162.0,4505.0,190000,4098.0,2872.0,3327.0,3708.0,5599.0,2012
364, Sedan, Korea, Korea, 4, FWD, Midsize Cars," 4-Cyl, 1.8 Liter",City 28/Hwy 38/Comb 32 MPG, 5, Auto 6-Spd w/OD & Shftrnc,elantra,5193.0,6021.0,4364.0,200000,3957.0,2731.0,3186.0,3567.0,5458.0,2012
365, Sedan, Korea, Korea, 4, FWD, Midsize Cars," 4-Cyl, 1.8 Liter",City 28/Hwy 38/Comb 32 MPG, 5, Auto 6-Spd w/OD & Shftrnc,elantra,5074.0,5902.0,4245.0,210000,3838.0,2612.0,3067.0,3448.0,5339.0,2012
366, Sedan, Korea, Korea, 4, FWD, Midsize Cars," 4-Cyl, 1.8 Liter",City 28/Hwy 38/Comb 32 MPG, 5, Auto 6-Spd w/OD & Shftrnc,elantra,4977.0,5805.0,4148.0,220000,3741.0,2515.0,2970.0,3351.0,5242.0,2012
367, Sedan, Korea, Korea, 4, FWD, Midsize Cars," 4-Cyl, 1.8 Liter",City 28/Hwy 38/Comb 32 MPG, 5, Auto 6-Spd w/OD & Shftrnc,elantra,4901.0,5729.0,4072.0,230000,3665.0,2439.0,2894.0,3275.0,5166.0,2012
368, Sedan, Mexico, United States, 4, FWD, Midsize Cars," 4-Cyl, Hybrid, 2.5 Liter",Gas - City 41/Hwy 36/Comb 39 MPG, 5," Automatic, CVT",fusion-hybrid,9688.0,10446.0,8929.0,10000,8569.0,7350.0,7733.0,8144.0,10163.0,2010
369, Sedan, Mexico, United States, 4, FWD, Midsize Cars," 4-Cyl, Hybrid, 2.5 Liter",Gas - City 41/Hwy 36/Comb 39 MPG, 5," Automatic, CVT",fusion-hybrid,9620.0,10378.0,8861.0,20000,8501.0,7282.0,7665.0,8076.0,10095.0,2010
370, Sedan, Mexico, United States, 4, FWD, Midsize Cars," 4-Cyl, Hybrid, 2.5 Liter",Gas - City 41/Hwy 36/Comb 39 MPG, 5," Automatic, CVT",fusion-hybrid,9327.0,10085.0,8568.0,30000,8208.0,6989.0,7372.0,7783.0,9802.0,2010
371, Sedan, Mexico, United States, 4, FWD, Midsize Cars," 4-Cyl, Hybrid, 2.5 Liter",Gas - City 41/Hwy 36/Comb 39 MPG, 5," Automatic, CVT",fusion-hybrid,8976.0,9734.0,8217.0,40000,7857.0,6638.0,7021.0,7432.0,9451.0,2010
372, Sedan, Mexico, United States, 4, FWD, Midsize Cars," 4-Cyl, Hybrid, 2.5 Liter",Gas - City 41/Hwy 36/Comb 39 MPG, 5," Automatic, CVT",fusion-hybrid,8640.0,9398.0,7881.0,50000,7521.0,6302.0,6685.0,7096.0,9115.0,2010
373, Sedan, Mexico, United States, 4, FWD, Midsize Cars," 4-Cyl, Hybrid, 2.5 Liter",Gas - City 41/Hwy 36/Comb 39 MPG, 5," Automatic, CVT",fusion-hybrid,8289.0,9047.0,7530.0,60000,7170.0,5951.0,6334.0,6745.0,8764.0,2010
374, Sedan, Mexico, United States, 4, FWD, Midsize Cars," 4-Cyl, Hybrid, 2.5 Liter",Gas - City 41/Hwy 36/Comb 39 MPG, 5," Automatic, CVT",fusion-hybrid,7928.0,8686.0,7169.0,70000,6809.0,5590.0,5973.0,6384.0,8403.0,2010
375, Sedan, Mexico, United States, 4, FWD, Midsize Cars," 4-Cyl, Hybrid, 2.5 Liter",Gas - City 41/Hwy 36/Comb 39 MPG, 5," Automatic, CVT",fusion-hybrid,7563.0,8321.0,6804.0,80000,6444.0,5225.0,5608.0,6019.0,8038.0,2010
376, Sedan, Mexico, United States, 4, FWD, Midsize Cars," 4-Cyl, Hybrid, 2.5 Liter",Gas - City 41/Hwy 36/Comb 39 MPG, 5," Automatic, CVT",fusion-hybrid,7193.0,7951.0,6434.0,90000,6074.0,4855.0,5238.0,5649.0,7668.0,2010
377, Sedan, Mexico, United States, 4, FWD, Midsize Cars," 4-Cyl, Hybrid, 2.5 Liter",Gas - City 41/Hwy 36/Comb 39 MPG, 5," Automatic, CVT",fusion-hybrid,6835.0,7593.0,6076.0,100000,5716.0,4497.0,4880.0,5291.0,7310.0,2010
378, Sedan, Mexico, United States, 4, FWD, Midsize Cars," 4-Cyl, Hybrid, 2.5 Liter",Gas - City 41/Hwy 36/Comb 39 MPG, 5," Automatic, CVT",fusion-hybrid,6499.0,7257.0,5740.0,110000,5380.0,4161.0,4544.0,4955.0,6974.0,2010
379, Sedan, Mexico, United States, 4, FWD, Midsize Cars," 4-Cyl, Hybrid, 2.5 Liter",Gas - City 41/Hwy 36/Comb 39 MPG, 5," Automatic, CVT",fusion-hybrid,6191.0,6949.0,5432.0,120000,5072.0,3853.0,4236.0,4647.0,6666.0,2010
380, Sedan, Mexico, United States, 4, FWD, Midsize Cars," 4-Cyl, Hybrid, 2.5 Liter",Gas - City 41/Hwy 36/Comb 39 MPG, 5," Automatic, CVT",fusion-hybrid,5915.0,6673.0,5156.0,130000,4796.0,3577.0,3960.0,4371.0,6390.0,2010
381, Sedan, Mexico, United States, 4, FWD, Midsize Cars," 4-Cyl, Hybrid, 2.5 Liter",Gas - City 41/Hwy 36/Comb 39 MPG, 5," Automatic, CVT",fusion-hybrid,5679.0,6437.0,4920.0,140000,4560.0,3341.0,3724.0,4135.0,6154.0,2010
382, Sedan, Mexico, United States, 4, FWD, Midsize Cars," 4-Cyl, Hybrid, 2.5 Liter",Gas - City 41/Hwy 36/Comb 39 MPG, 5," Automatic, CVT",fusion-hybrid,5469.0,6227.0,4710.0,150000,4350.0,3131.0,3514.0,3925.0,5944.0,2010
383, Sedan, Mexico, United States, 4, FWD, Midsize Cars," 4-Cyl, Hybrid, 2.5 Liter",Gas - City 41/Hwy 36/Comb 39 MPG, 5," Automatic, CVT",fusion-hybrid,5282.0,6040.0,4523.0,160000,4163.0,2944.0,3327.0,3738.0,5757.0,2010
384, Sedan, Mexico, United States, 4, FWD, Midsize Cars," 4-Cyl, Hybrid, 2.5 Liter",Gas - City 41/Hwy 36/Comb 39 MPG, 5," Automatic, CVT",fusion-hybrid,5113.0,5871.0,4354.0,170000,3994.0,2775.0,3158.0,3569.0,5588.0,2010
385, Sedan, Mexico, United States, 4, FWD, Midsize Cars," 4-Cyl, Hybrid, 2.5 Liter",Gas - City 41/Hwy 36/Comb 39 MPG, 5," Automatic, CVT",fusion-hybrid,4961.0,5719.0,4202.0,180000,3842.0,2623.0,3006.0,3417.0,5436.0,2010
386, Sedan, Mexico, United States, 4, FWD, Midsize Cars," 4-Cyl, Hybrid, 2.5 Liter",Gas - City 41/Hwy 36/Comb 39 MPG, 5," Automatic, CVT",fusion-hybrid,4827.0,5585.0,4068.0,190000,3708.0,2554.0,2872.0,3283.0,5302.0,2010
387, Sedan, Mexico, United States, 4, FWD, Midsize Cars," 4-Cyl, Hybrid, 2.5 Liter",Gas - City 41/Hwy 36/Comb 39 MPG, 5," Automatic, CVT",fusion-hybrid,4711.0,5469.0,3952.0,200000,3592.0,2554.0,2756.0,3167.0,5186.0,2010
388, Sedan, Mexico, United States, 4, FWD, Midsize Cars," 4-Cyl, Hybrid, 2.5 Liter",Gas - City 41/Hwy 36/Comb 39 MPG, 5," Automatic, CVT",fusion-hybrid,4613.0,5371.0,3854.0,210000,3494.0,2554.0,2746.0,3069.0,5088.0,2010
389, Sedan, Mexico, United States, 4, FWD, Midsize Cars," 4-Cyl, Hybrid, 2.5 Liter",Gas - City 41/Hwy 36/Comb 39 MPG, 5," Automatic, CVT",fusion-hybrid,4533.0,5291.0,3774.0,220000,3414.0,2554.0,2746.0,2989.0,5008.0,2010
390, Sedan, Mexico, United States, 4, FWD, Midsize Cars," 4-Cyl, Hybrid, 2.5 Liter",Gas - City 41/Hwy 36/Comb 39 MPG, 5," Automatic, CVT",fusion-hybrid,4471.0,5229.0,3712.0,230000,3352.0,2554.0,2746.0,2951.0,4946.0,2010
391, Sedan, Mexico, United States, 4, FWD, Midsize Cars," 4-Cyl, Hybrid, 2.5 Liter",Gas - City 41/Hwy 36/Comb 39 MPG, 5," Automatic, CVT",fusion-hybrid,11870.0,12739.0,11000.0,10000,10713.0,9354.0,9819.0,10273.0,12320.0,2011
392, Sedan, Mexico, United States, 4, FWD, Midsize Cars," 4-Cyl, Hybrid, 2.5 Liter",Gas - City 41/Hwy 36/Comb 39 MPG, 5," Automatic, CVT",fusion-hybrid,11697.0,12566.0,10827.0,20000,10540.0,9181.0,9646.0,10100.0,12147.0,2011
393, Sedan, Mexico, United States, 4, FWD, Midsize Cars," 4-Cyl, Hybrid, 2.5 Liter",Gas - City 41/Hwy 36/Comb 39 MPG, 5," Automatic, CVT",fusion-hybrid,11320.0,12189.0,10450.0,30000,10163.0,8804.0,9269.0,9723.0,11770.0,2011
394, Sedan, Mexico, United States, 4, FWD, Midsize Cars," 4-Cyl, Hybrid, 2.5 Liter",Gas - City 41/Hwy 36/Comb 39 MPG, 5," Automatic, CVT",fusion-hybrid,10867.0,11736.0,9997.0,40000,9710.0,8351.0,8816.0,9270.0,11317.0,2011
395, Sedan, Mexico, United States, 4, FWD, Midsize Cars," 4-Cyl, Hybrid, 2.5 Liter",Gas - City 41/Hwy 36/Comb 39 MPG, 5," Automatic, CVT",fusion-hybrid,10434.0,11303.0,9564.0,50000,9277.0,7918.0,8383.0,8837.0,10884.0,2011
396, Sedan, Mexico, United States, 4, FWD, Midsize Cars," 4-Cyl, Hybrid, 2.5 Liter",Gas - City 41/Hwy 36/Comb 39 MPG, 5," Automatic, CVT",fusion-hybrid,9980.0,10849.0,9110.0,60000,8823.0,7464.0,7929.0,8383.0,10430.0,2011
397, Sedan, Mexico, United States, 4, FWD, Midsize Cars," 4-Cyl, Hybrid, 2.5 Liter",Gas - City 41/Hwy 36/Comb 39 MPG, 5," Automatic, CVT",fusion-hybrid,9515.0,10384.0,8645.0,70000,8358.0,6999.0,7464.0,7918.0,9965.0,2011
398, Sedan, Mexico, United States, 4, FWD, Midsize Cars," 4-Cyl, Hybrid, 2.5 Liter",Gas - City 41/Hwy 36/Comb 39 MPG, 5," Automatic, CVT",fusion-hybrid,9044.0,9913.0,8174.0,80000,7887.0,6528.0,6993.0,7447.0,9494.0,2011
399, Sedan, Mexico, United States, 4, FWD, Midsize Cars," 4-Cyl, Hybrid, 2.5 Liter",Gas - City 41/Hwy 36/Comb 39 MPG, 5," Automatic, CVT",fusion-hybrid,8566.0,9435.0,7696.0,90000,7409.0,6050.0,6515.0,6969.0,9016.0,2011
400, Sedan, Mexico, United States, 4, FWD, Midsize Cars," 4-Cyl, Hybrid, 2.5 Liter",Gas - City 41/Hwy 36/Comb 39 MPG, 5," Automatic, CVT",fusion-hybrid,8104.0,8973.0,7234.0,100000,6947.0,5588.0,6053.0,6507.0,8554.0,2011
401, Sedan, Mexico, United States, 4, FWD, Midsize Cars," 4-Cyl, Hybrid, 2.5 Liter",Gas - City 41/Hwy 36/Comb 39 MPG, 5," Automatic, CVT",fusion-hybrid,7670.0,8539.0,6800.0,110000,6513.0,5154.0,5619.0,6073.0,8120.0,2011
402, Sedan, Mexico, United States, 4, FWD, Midsize Cars," 4-Cyl, Hybrid, 2.5 Liter",Gas - City 41/Hwy 36/Comb 39 MPG, 5," Automatic, CVT",fusion-hybrid,7272.0,8141.0,6402.0,120000,6115.0,4756.0,5221.0,5675.0,7722.0,2011
403, Sedan, Mexico, United States, 4, FWD, Midsize Cars," 4-Cyl, Hybrid, 2.5 Liter",Gas - City 41/Hwy 36/Comb 39 MPG, 5," Automatic, CVT",fusion-hybrid,6917.0,7786.0,6047.0,130000,5760.0,4401.0,4866.0,5320.0,7367.0,2011
404, Sedan, Mexico, United States, 4, FWD, Midsize Cars," 4-Cyl, Hybrid, 2.5 Liter",Gas - City 41/Hwy 36/Comb 39 MPG, 5," Automatic, CVT",fusion-hybrid,6612.0,7481.0,5742.0,140000,5455.0,4096.0,4561.0,5015.0,7062.0,2011
405, Sedan, Mexico, United States, 4, FWD, Midsize Cars," 4-Cyl, Hybrid, 2.5 Liter",Gas - City 41/Hwy 36/Comb 39 MPG, 5," Automatic, CVT",fusion-hybrid,6341.0,7210.0,5471.0,150000,5184.0,3825.0,4290.0,4744.0,6791.0,2011
406, Sedan, Mexico, United States, 4, FWD, Midsize Cars," 4-Cyl, Hybrid, 2.5 Liter",Gas - City 41/Hwy 36/Comb 39 MPG, 5," Automatic, CVT",fusion-hybrid,6100.0,6969.0,5230.0,160000,4943.0,3584.0,4049.0,4503.0,6550.0,2011
407, Sedan, Mexico, United States, 4, FWD, Midsize Cars," 4-Cyl, Hybrid, 2.5 Liter",Gas - City 41/Hwy 36/Comb 39 MPG, 5," Automatic, CVT",fusion-hybrid,5881.0,6750.0,5011.0,170000,4724.0,3365.0,3830.0,4284.0,6331.0,2011
408, Sedan, Mexico, United States, 4, FWD, Midsize Cars," 4-Cyl, Hybrid, 2.5 Liter",Gas - City 41/Hwy 36/Comb 39 MPG, 5," Automatic, CVT",fusion-hybrid,5685.0,6554.0,4815.0,180000,4528.0,3169.0,3634.0,4088.0,6135.0,2011
409, Sedan, Mexico, United States, 4, FWD, Midsize Cars," 4-Cyl, Hybrid, 2.5 Liter",Gas - City 41/Hwy 36/Comb 39 MPG, 5," Automatic, CVT",fusion-hybrid,5513.0,6382.0,4643.0,190000,4356.0,2997.0,3462.0,3916.0,5963.0,2011
410, Sedan, Mexico, United States, 4, FWD, Midsize Cars," 4-Cyl, Hybrid, 2.5 Liter",Gas - City 41/Hwy 36/Comb 39 MPG, 5," Automatic, CVT",fusion-hybrid,5363.0,6232.0,4493.0,200000,4206.0,2847.0,3312.0,3766.0,5813.0,2011
411, Sedan, Mexico, United States, 4, FWD, Midsize Cars," 4-Cyl, Hybrid, 2.5 Liter",Gas - City 41/Hwy 36/Comb 39 MPG, 5," Automatic, CVT",fusion-hybrid,5237.0,6106.0,4367.0,210000,4080.0,2721.0,3186.0,3640.0,5687.0,2011
412, Sedan, Mexico, United States, 4, FWD, Midsize Cars," 4-Cyl, Hybrid, 2.5 Liter",Gas - City 41/Hwy 36/Comb 39 MPG, 5," Automatic, CVT",fusion-hybrid,5134.0,6003.0,4264.0,220000,3977.0,2618.0,3083.0,3537.0,5584.0,2011
413, Sedan, Mexico, United States, 4, FWD, Midsize Cars," 4-Cyl, Hybrid, 2.5 Liter",Gas - City 41/Hwy 36/Comb 39 MPG, 5," Automatic, CVT",fusion-hybrid,5053.0,5922.0,4183.0,230000,3896.0,2537.0,3002.0,3456.0,5503.0,2011
414, Sedan, Mexico, United States, 4, FWD, Midsize Cars," 4-Cyl, Hybrid, 2.5 Liter",Gas - City 41/Hwy 36/Comb 39 MPG, 5," Automatic, CVT",fusion-hybrid,14365.0,15366.0,13363.0,10000,13183.0,11677.0,12246.0,12741.0,14815.0,2012
415, Sedan, Mexico, United States, 4, FWD, Midsize Cars," 4-Cyl, Hybrid, 2.5 Liter",Gas - City 41/Hwy 36/Comb 39 MPG, 5," Automatic, CVT",fusion-hybrid,14085.0,15086.0,13083.0,20000,12903.0,11397.0,11966.0,12461.0,14535.0,2012
416, Sedan, Mexico, United States, 4, FWD, Midsize Cars," 4-Cyl, Hybrid, 2.5 Liter",Gas - City 41/Hwy 36/Comb 39 MPG, 5," Automatic, CVT",fusion-hybrid,13610.0,14611.0,12608.0,30000,12428.0,10922.0,11491.0,11986.0,14060.0,2012
417, Sedan, Mexico, United States, 4, FWD, Midsize Cars," 4-Cyl, Hybrid, 2.5 Liter",Gas - City 41/Hwy 36/Comb 39 MPG, 5," Automatic, CVT",fusion-hybrid,13040.0,14041.0,12038.0,40000,11858.0,10352.0,10921.0,11416.0,13490.0,2012
418, Sedan, Mexico, United States, 4, FWD, Midsize Cars," 4-Cyl, Hybrid, 2.5 Liter",Gas - City 41/Hwy 36/Comb 39 MPG, 5," Automatic, CVT",fusion-hybrid,12494.0,13495.0,11492.0,50000,11312.0,9806.0,10375.0,10870.0,12944.0,2012
419, Sedan, Mexico, United States, 4, FWD, Midsize Cars," 4-Cyl, Hybrid, 2.5 Liter",Gas - City 41/Hwy 36/Comb 39 MPG, 5," Automatic, CVT",fusion-hybrid,11923.0,12924.0,10921.0,60000,10741.0,9235.0,9804.0,10299.0,12373.0,2012
420, Sedan, Mexico, United States, 4, FWD, Midsize Cars," 4-Cyl, Hybrid, 2.5 Liter",Gas - City 41/Hwy 36/Comb 39 MPG, 5," Automatic, CVT",fusion-hybrid,11338.0,12339.0,10336.0,70000,10156.0,8650.0,9219.0,9714.0,11788.0,2012
421, Sedan, Mexico, United States, 4, FWD, Midsize Cars," 4-Cyl, Hybrid, 2.5 Liter",Gas - City 41/Hwy 36/Comb 39 MPG, 5," Automatic, CVT",fusion-hybrid,10744.0,11745.0,9742.0,80000,9562.0,8056.0,8625.0,9120.0,11194.0,2012
422, Sedan, Mexico, United States, 4, FWD, Midsize Cars," 4-Cyl, Hybrid, 2.5 Liter",Gas - City 41/Hwy 36/Comb 39 MPG, 5," Automatic, CVT",fusion-hybrid,10142.0,11143.0,9140.0,90000,8960.0,7454.0,8023.0,8518.0,10592.0,2012
423, Sedan, Mexico, United States, 4, FWD, Midsize Cars," 4-Cyl, Hybrid, 2.5 Liter",Gas - City 41/Hwy 36/Comb 39 MPG, 5," Automatic, CVT",fusion-hybrid,9560.0,10561.0,8558.0,100000,8378.0,6872.0,7441.0,7936.0,10010.0,2012
424, Sedan, Mexico, United States, 4, FWD, Midsize Cars," 4-Cyl, Hybrid, 2.5 Liter",Gas - City 41/Hwy 36/Comb 39 MPG, 5," Automatic, CVT",fusion-hybrid,9013.0,10014.0,8011.0,110000,7831.0,6325.0,6894.0,7389.0,9463.0,2012
425, Sedan, Mexico, United States, 4, FWD, Midsize Cars," 4-Cyl, Hybrid, 2.5 Liter",Gas - City 41/Hwy 36/Comb 39 MPG, 5," Automatic, CVT",fusion-hybrid,8513.0,9514.0,7511.0,120000,7331.0,5825.0,6394.0,6889.0,8963.0,2012
426, Sedan, Mexico, United States, 4, FWD, Midsize Cars," 4-Cyl, Hybrid, 2.5 Liter",Gas - City 41/Hwy 36/Comb 39 MPG, 5," Automatic, CVT",fusion-hybrid,8066.0,9067.0,7064.0,130000,6884.0,5378.0,5947.0,6442.0,8516.0,2012
427, Sedan, Mexico, United States, 4, FWD, Midsize Cars," 4-Cyl, Hybrid, 2.5 Liter",Gas - City 41/Hwy 36/Comb 39 MPG, 5," Automatic, CVT",fusion-hybrid,7681.0,8682.0,6679.0,140000,6499.0,4993.0,5562.0,6057.0,8131.0,2012
428, Sedan, Mexico, United States, 4, FWD, Midsize Cars," 4-Cyl, Hybrid, 2.5 Liter",Gas - City 41/Hwy 36/Comb 39 MPG, 5," Automatic, CVT",fusion-hybrid,7341.0,8342.0,6339.0,150000,6159.0,4653.0,5222.0,5717.0,7791.0,2012
429, Sedan, Mexico, United States, 4, FWD, Midsize Cars," 4-Cyl, Hybrid, 2.5 Liter",Gas - City 41/Hwy 36/Comb 39 MPG, 5," Automatic, CVT",fusion-hybrid,7036.0,8037.0,6034.0,160000,5854.0,4348.0,4917.0,5412.0,7486.0,2012
430, Sedan, Mexico, United States, 4, FWD, Midsize Cars," 4-Cyl, Hybrid, 2.5 Liter",Gas - City 41/Hwy 36/Comb 39 MPG, 5," Automatic, CVT",fusion-hybrid,6761.0,7762.0,5759.0,170000,5579.0,4073.0,4642.0,5137.0,7211.0,2012
431, Sedan, Mexico, United States, 4, FWD, Midsize Cars," 4-Cyl, Hybrid, 2.5 Liter",Gas - City 41/Hwy 36/Comb 39 MPG, 5," Automatic, CVT",fusion-hybrid,6515.0,7516.0,5513.0,180000,5333.0,3827.0,4396.0,4891.0,6965.0,2012
432, Sedan, Mexico, United States, 4, FWD, Midsize Cars," 4-Cyl, Hybrid, 2.5 Liter",Gas - City 41/Hwy 36/Comb 39 MPG, 5," Automatic, CVT",fusion-hybrid,6298.0,7299.0,5296.0,190000,5116.0,3610.0,4179.0,4674.0,6748.0,2012
433, Sedan, Mexico, United States, 4, FWD, Midsize Cars," 4-Cyl, Hybrid, 2.5 Liter",Gas - City 41/Hwy 36/Comb 39 MPG, 5," Automatic, CVT",fusion-hybrid,6109.0,7110.0,5107.0,200000,4927.0,3421.0,3990.0,4485.0,6559.0,2012
434, Sedan, Mexico, United States, 4, FWD, Midsize Cars," 4-Cyl, Hybrid, 2.5 Liter",Gas - City 41/Hwy 36/Comb 39 MPG, 5," Automatic, CVT",fusion-hybrid,5950.0,6951.0,4948.0,210000,4768.0,3262.0,3831.0,4326.0,6400.0,2012
435, Sedan, Mexico, United States, 4, FWD, Midsize Cars," 4-Cyl, Hybrid, 2.5 Liter",Gas - City 41/Hwy 36/Comb 39 MPG, 5," Automatic, CVT",fusion-hybrid,5820.0,6821.0,4818.0,220000,4638.0,3132.0,3701.0,4196.0,6270.0,2012
436, Sedan, Mexico, United States, 4, FWD, Midsize Cars," 4-Cyl, Hybrid, 2.5 Liter",Gas - City 41/Hwy 36/Comb 39 MPG, 5," Automatic, CVT",fusion-hybrid,5719.0,6720.0,4717.0,230000,4537.0,3031.0,3600.0,4095.0,6169.0,2012
